lesson,video,kind,n,point,rating,timestamp,spoken_or_note
work-with-ai-opener,course-assets/work-with-ai-opener/work-with-ai-opener.mp4,teaching point,1,"Hook, refrain board: the four lines 'Don't just ask. Aim.' / 'Don't just copy. Check.' / 'Don't just use AI. Work with it.' / 'It doesn't replace your thinking. It multiplies it.'",THIN,0:00.00-0:17.58,"""Take a look at these four principles. High-quality AI results require a change in approach. You aim your requests, you verify the output, and you treat it as a collaboration. The final line captures the central goal. Your logic provides the foundation, which AI scales up and amplifies."" / paraphrase; none of the four lines is read"
work-with-ai-opener,course-assets/work-with-ai-opener/work-with-ai-opener.mp4,teaching point,2,You've met the tool and seen what it can do. Now it gets practical: how do you actually work with it?,TAUGHT,0:18.92-0:25.10,"""You've seen the tools capabilities. Now we shift our focus to the practical mechanics of how you actually operate it."""
work-with-ai-opener,course-assets/work-with-ai-opener/work-with-ai-opener.mp4,teaching point,3,Here's what most people miss: two people can use the same AI and get very different results.,RICH,0:26.22-0:33.76,"""Here is the reality most people miss. Two people can use the exact same AI system and walk away with completely different outputs."""
work-with-ai-opener,course-assets/work-with-ai-opener/work-with-ai-opener.mp4,teaching point,4,"Camera comparison as written: one person's blurry lunch photo, a photographer's cover shot, and the tool never changed",THIN,0:34.40-0:35.12,"""Think of it like photography."" then jumps to the sandwich version / 'photographer's cover shot' and 'lunch photo' never spoken / 'tool never changed' reaches viewer only as 0:47.14 ""The hardware in their hands never changed."""
work-with-ai-opener,course-assets/work-with-ai-opener/work-with-ai-opener.mp4,teaching point,5,The same idea applies to AI. Knowing how to work with it helps you get more out of it.,TAUGHT,0:49.48-0:57.60,"""The same principle applies to AI. Mastering the mechanics of the tool is what turns a confusing response into a sharp, professional result."""
work-with-ai-opener,course-assets/work-with-ai-opener/work-with-ai-opener.mp4,teaching point,6,"Board 2 Same Tool. Different Results.: two people, identical phones, one sandwich; rushed blurry vs carefully framed crisp; the phone never changed",RICH,0:36.08-0:48.74,"""Imagine two people holding identical phone cameras, pointing them at the exact same sandwich. One person snaps a rushed blurry picture. The other person captures a carefully framed crisp shot. The hardware in their hands never changed."""
work-with-ai-opener,course-assets/work-with-ai-opener/work-with-ai-opener.mp4,teaching point,7,Board 2 line 'AI does not replace your thinking. It multiplies it.',MISSING,0:36.08-0:57.60,"not spoken under Board 2 / the line is spoken once at the close 2:30.68-2:33.68, so no understanding lost (repeat line, not essential on its own)"
work-with-ai-opener,course-assets/work-with-ai-opener/work-with-ai-opener.mp4,teaching point,8,This section has three parts.,TAUGHT,0:59.20-1:04.24,"""To build those mechanics, we use a three-part roadmap. Let's look at the plan for this section."""
work-with-ai-opener,course-assets/work-with-ai-opener/work-with-ai-opener.mp4,teaching point,9,"Part 1 Know What It's For: why AI works differently from ordinary software, the work it does best, how to pick your app and learn it well",TAUGHT,1:05.00-1:27.04,"""Step one is knowing what it's for. This involves understanding how AI operates differently from traditional software that follows a strict, predictable set of rules. You need to identify the specific types of work and logic that these models are naturally built to handle. From there, you choose the correct application for your specific task, and commit to learning how its specific interface works."""
work-with-ai-opener,course-assets/work-with-ai-opener/work-with-ai-opener.mp4,teaching point,10,"Part 2 Use It Well: the moves that get a better answer, and a look at what the model actually reads when you ask",TAUGHT,1:27.68-1:47.66,"""Once you have the right tool, we move to step two. Use it well. This focuses on the active operation of the model. There are specific repeatable moves you can make to extract a high-quality answer from the software. Part of this involves understanding model perception, knowing exactly what the AI reads and processes when you submit a prompt."""
work-with-ai-opener,course-assets/work-with-ai-opener/work-with-ai-opener.mp4,teaching point,11,"Part 3 Think Before You Trust: what to do with the answer that comes back; question it, verify it, decide whether it's good enough to use",TAUGHT,1:56.22-2:13.88,"""Step three covers what happens after the software responds. Think before you trust. When the model delivers an answer, you must actively question the logic rather than accepting it as an objective truth. Finally, you have to decide if the output meets the quality threshold required for your actual work."" / 'verify it' not spoken"
work-with-ai-opener,course-assets/work-with-ai-opener/work-with-ai-opener.mp4,teaching point,12,Takeaway: The result depends on how you use the tool.,TAUGHT,2:20.46-2:25.60,"""As the bottom of our roadmap shows, the final result depends entirely on how you apply the tool."" / meaning intact, not verbatim"
work-with-ai-opener,course-assets/work-with-ai-opener/work-with-ai-opener.mp4,teaching point,13,Closing line 1: Don't just use AI. Work with it.,TAUGHT,2:27.20-2:29.72,"""Don't just use AI. Work with it."" verbatim"
work-with-ai-opener,course-assets/work-with-ai-opener/work-with-ai-opener.mp4,teaching point,14,Closing line 2: It doesn't replace your thinking. It multiplies it.,TAUGHT,2:30.68-2:33.68,"transcript: ""AI doesn't replace your thinking. It multiplies it."" / meaning intact; first word unresolved by ear"
work-with-ai-opener,course-assets/work-with-ai-opener/work-with-ai-opener.mp4,hard requirement,1,Open on Board 1 and speak 'Don't just ask. Aim.' exactly,MISSED,0:06.00-0:06.80,"""You aim your requests,"" / line not in file anywhere"
work-with-ai-opener,course-assets/work-with-ai-opener/work-with-ai-opener.mp4,hard requirement,2,'Don't just copy. Check.' exactly,MISSED,0:07.38-0:08.30,"""you verify the output,"" / line not in file anywhere"
work-with-ai-opener,course-assets/work-with-ai-opener/work-with-ai-opener.mp4,hard requirement,3,"'Don't just use AI. Work with it.' exactly, at the open",MISSED,0:08.78-0:09.98,"""and you treat it as a collaboration."" / spoken verbatim only at the close 2:27.20"
work-with-ai-opener,course-assets/work-with-ai-opener/work-with-ai-opener.mp4,hard requirement,4,"'It doesn't replace your thinking. It multiplies it.' exactly, at the open",MISSED,0:11.00-0:17.58,"""The final line captures the central goal. Your logic provides the foundation, which AI scales up and amplifies."""
work-with-ai-opener,course-assets/work-with-ai-opener/work-with-ai-opener.mp4,hard requirement,5,Say you've met the tool and now it gets practical,MET,0:18.92-0:25.10,"""You've seen the tools capabilities. Now we shift our focus to the practical mechanics of how you actually operate it."""
work-with-ai-opener,course-assets/work-with-ai-opener/work-with-ai-opener.mp4,hard requirement,6,Say two people can use the same AI and get very different results,MET,0:28.32-0:33.76,"""Two people can use the exact same AI system and walk away with completely different outputs."""
work-with-ai-opener,course-assets/work-with-ai-opener/work-with-ai-opener.mp4,hard requirement,7,"Tell the camera comparison as written: blurry lunch photo, photographer's cover shot, the tool never changed",MISSED,0:34.40-0:35.12,"""Think of it like photography."" then the sandwich board's version / 'lunch photo' and 'photographer's cover shot' never spoken"
work-with-ai-opener,course-assets/work-with-ai-opener/work-with-ai-opener.mp4,hard requirement,8,Part 1 by its name 'Know What It's For',MET,1:05.00-1:06.86,"""Step one is knowing what it's for."" / gerund form, not title form"
work-with-ai-opener,course-assets/work-with-ai-opener/work-with-ai-opener.mp4,hard requirement,9,Part 2 by its name 'Use It Well',MET,1:30.36-1:31.02,"""Use it well."""
work-with-ai-opener,course-assets/work-with-ai-opener/work-with-ai-opener.mp4,hard requirement,10,Part 3 by its name 'Think Before You Trust',MET,1:59.96-2:01.22,"""Think before you trust."""
work-with-ai-opener,course-assets/work-with-ai-opener/work-with-ai-opener.mp4,hard requirement,11,Then say 'The result depends on how you use the tool.',MISSED,2:22.00-2:25.60,"""the final result depends entirely on how you apply the tool."" / paraphrase"
work-with-ai-opener,course-assets/work-with-ai-opener/work-with-ai-opener.mp4,hard requirement,12,Closing line 1 'Don't just use AI. Work with it.' word for word at the very end,MET,2:27.20-2:29.72,"""Don't just use AI. Work with it."""
work-with-ai-opener,course-assets/work-with-ai-opener/work-with-ai-opener.mp4,hard requirement,13,Closing line 2 'It doesn't replace your thinking. It multiplies it.' word for word,MISSED,2:30.68-2:33.68,"per transcript ""AI doesn't replace your thinking. It multiplies it."" / unresolved by ear: the 'AI' token is 0.16 s, plausibly 'It'; verify before relying on it"
work-with-ai-opener,course-assets/work-with-ai-opener/work-with-ai-opener.mp4,hard requirement,14,"Avoid banned words (leverage, methodology, framework, capabilities, operational, workflow, optimize, strategic, precision, protocol)",MISSED,0:18.92-0:20.30,"""You've seen the tools capabilities."""
work-with-ai-opener,course-assets/work-with-ai-opener/work-with-ai-opener.mp4,hard requirement,15,"Voice: plain words, the Markdown's own sentences, no formal or technical translation",MISSED,0:22.42-2:19.58,"""practical mechanics"" 0:22.42 / ""hardware"" 0:47.14 / ""mechanics"" 0:52.36, 0:59.20 / ""roadmap"" 0:59.20, 2:20.46 / ""active operation of the model"" 1:31.68 / ""extract a high-quality answer"" 1:36.94 / ""model perception"" 1:40.00 / ""objective truth"" 2:05.92 / ""quality threshold"" 2:10.24 / ""final arbiter"" 2:14.36"
work-with-ai-opener,course-assets/work-with-ai-opener/work-with-ai-opener.mp4,hard requirement,16,"Open directly on the first board: no title card, no welcome, no preview",MET,0:00.00-0:01.78,"""Take a look at these four principles."""
work-with-ai-opener,course-assets/work-with-ai-opener/work-with-ai-opener.mp4,hard requirement,17,"Never ask the viewer to pause, guess, answer, or work anything out",MET,0:00.00-2:33.68,no such ask in the transcript
work-with-ai-opener,course-assets/work-with-ai-opener/work-with-ai-opener.mp4,hard requirement,18,Board 2 narration kept in one uninterrupted span,MET,0:36.08-0:48.74,"continuous, gaps under 0.6 s"
work-with-ai-opener,course-assets/work-with-ai-opener/work-with-ai-opener.mp4,hard requirement,19,Add nothing after the two closing lines,MET,2:33.68-2:37.90,"last word ""it."" at 2:33.68; no speech in the remaining 4.2 s"
work-with-ai-opener,course-assets/work-with-ai-opener/work-with-ai-opener.mp4,hard requirement,20,Boards taught in Markdown order,MET,0:00.00-2:33.68,"refrain, camera/sandwich, section map, close"
work-with-ai-opener,course-assets/work-with-ai-opener/work-with-ai-opener.mp4,error,1,none,,,"no factual statement contradicts the lesson; ""As the bottom of our roadmap shows"" 2:20.46 is accurate (takeaway banner is the bottom of the section-map board)"
work-with-ai-opener,course-assets/work-with-ai-opener/work-with-ai-opener.mp4,addition,1,"traditional software that follows a strict, predictable set of rules",,1:07.42-1:14.22,accurate preview of AI Is Different; fine to keep
work-with-ai-opener,course-assets/work-with-ai-opener/work-with-ai-opener.mp4,addition,2,"Success depends on how you shape the context. By providing the right details, you force a better outcome from the model.",,1:48.28-1:55.40,"accurate preview of Context Window; 'force' is an odd word, harmless"
work-with-ai-opener,course-assets/work-with-ai-opener/work-with-ai-opener.mp4,addition,3,You are the final arbiter. Your judgment ensures that the result is both accurate and useful.,,2:14.36-2:19.58,accurate and on-message; 'arbiter' is outside the lesson's register
work-with-ai-opener,course-assets/work-with-ai-opener/work-with-ai-opener.mp4,addition,4,High-quality AI results require a change in approach.,,0:02.42-0:05.36,"outside framing, weaker; filler before a paraphrased refrain"
work-with-ai-opener,course-assets/work-with-ai-opener/work-with-ai-opener.mp4,addition,5,"Mastering the mechanics of the tool is what turns a confusing response into a sharp, professional result.",,0:52.36-0:57.60,restates the point in a register the prompt forbids; weaker
work-with-ai-opener,course-assets/work-with-ai-opener/work-with-ai-opener.mp4,source_qa,1,"PASS: lessons/Opener-Work.md carries every page teaching point (why-this-matters paragraphs, Board 2 alt content, three kickers and bridges, takeaway banner, close pill and sticky)",,,"observation, not a failure: page and Markdown carry the multiplier line in two forms ('AI does not replace' under Board 2; 'It doesn't replace' on refrain and close); prompt requires the 'It' form at the close"
work-with-ai-opener,course-assets/work-with-ai-opener/work-with-ai-opener.mp4,editing note,1,Materials: no bug; Markdown matches the page. The roll ignored the prompt's verbatim block and VOICE block wholesale (batch-signature failure: named bans and verbatim lists do not survive a roll); check the reroll first for the four opening lines,,,
work-with-ai-opener,course-assets/work-with-ai-opener/work-with-ai-opener.mp4,editing note,2,"Reroll must teach: four refrain lines verbatim at the open / camera line as written (blurry lunch photo, photographer's cover shot, tool never changed) before the sandwich board / Board 2 as prose / three part names in title form with bridges, keeping Part 3's triad question-verify-decide / 'The result depends on how you use the tool.' verbatim / both closing lines verbatim with 'It doesn't' / plain register, no 'capabilities'",,,
work-with-ai-opener,course-assets/work-with-ai-opener/work-with-ai-opener.mp4,editing note,3,"Repair not feasible: 'Don't just ask. Aim.' and 'Don't just copy. Check.' exist nowhere in the file; no raw rolls survive; lines 3-4 could only be duplicated from the close, leaving the refrain incomplete; takeaway and camera line have no verbatim donor; cutting 0:18.92-0:20.30 removes 'capabilities' but also the you've-met-the-tool beat; register is pervasive",,0:00.00-2:33.68,
work-with-ai-opener,course-assets/work-with-ai-opener/work-with-ai-opener.mp4,editing note,4,"Visual, for context (separate hold/stroke review owns it): same-tool board on screen 0:47.00-0:59.50 while its narration runs 0:36.08-0:48.74 (about 11 s late); section-map board flashes 1.5 s at 0:22.50 and 0:39.50; refrain board holds 19.5 s under a paraphrase",,0:22.50-0:59.50,
work-with-ai-opener,course-assets/work-with-ai-opener/work-with-ai-opener.mp4,editing note,5,Excess if any of this file were reused: 0:02.42-0:05.36 filler; 0:52.36-0:57.60 restatement,,0:02.42-0:57.60,
work-with-ai-opener,course-assets/work-with-ai-opener/work-with-ai-opener.mp4,editing note,6,Kit row in Prompts/WORK-WITH-AI-VIDEO-KITS.md still reads 'reroll pending' for the opener; update it when the reroll lands,,,
ai-is-different,course-assets/ai-is-different/ai-is-different.mp4,teaching point,1,Hook: AI is taking the world by storm; it has superpowers that set it apart from any other software,THIN,0:00.00-0:05.64,"""Artificial intelligence is now performing tasks that were previously impossible for computers to handle."" The idea of an edge over other software is there; the word superpowers is never spoken until the closing line (5:14.84), and the storm/superpowers hook is replaced by a formal sentence."
ai-is-different,course-assets/ai-is-different/ai-is-different.mp4,teaching point,2,AI is built on a different foundation (the reason is simple),TAUGHT,0:06.50-0:13.12,"""This shift in capability happens because the underlying logic of AI is distinct from the way standard software is built."" Meaning intact; the word foundation appears only in the close; uses the banned word capability."
ai-is-different,course-assets/ai-is-different/ai-is-different.mp4,teaching point,3,"Normal software: a programmer writes code line-by-line that tells it exactly what to do (calculator app, Excel)",TAUGHT,0:13.84-0:20.86,"""To understand the difference, consider how standard software is created. A programmer writes explicit line-by-line instructions."" Calculator/Excel examples dropped (harmless compression)."
ai-is-different,course-assets/ai-is-different/ai-is-different.mp4,teaching point,4,The core of normal software is Rules; the most common kind is IF-THEN-ELSE,TAUGHT,0:22.16-0:27.06,"""At the core of these instructions are rigid rules, most commonly known as if-then-else statements."""
ai-is-different,course-assets/ai-is-different/ai-is-different.mp4,teaching point,5,"Board 1 password example: IF matches THEN open, ELSE show Password doesn't match; written rules return the same result every time",RICH,0:27.66-0:54.12,"""If the password matches, the green path executes and opens the app. Else, the red path takes over, showing a message saying the password doesn't match. Because a programmer wrote every single step, this software operates with absolute certainty. You run the exact same process and you will get the exact same result every single time."""
ai-is-different,course-assets/ai-is-different/ai-is-different.mp4,teaching point,6,"AI is different: no programmer writes rules for every situation; it uses patterns learned during training; learns patterns first, then answers one word at a time",TAUGHT,0:54.67-1:07.64,"""AI abandons that approach. A programmer doesn't sit down and write the rules for every possible situation. ... Instead of written rules, AI relies on learned patterns."" The learn-first-then-one-word-at-a-time sentence is carried by the board walk that follows."
ai-is-different,course-assets/ai-is-different/ai-is-different.mp4,teaching point,7,"Board 2 Learn First: Training is how it learns (enormous data, before you use it); Patterns are what it learns (examples become numerical patterns)",RICH,1:08.40-1:20.10,"""During the first step, training, the model ingests enormous amounts of data. It analyzes all of those examples and turns them into numerical patterns. It learns once before you even use it."" Content complete; note the step framing the prompt forbids."
ai-is-different,course-assets/ai-is-different/ai-is-different.mp4,teaching point,8,"Board 2 Answer One Word at a Time: Probability scores possible next words; Prediction chooses a likely word, adds it, repeats",RICH,1:26.06-1:36.16,"""Using probability, the model scores what the most likely next word should be. It makes a prediction, selects that single word, and then runs the entire cycle again to pick the word after that."""
ai-is-different,course-assets/ai-is-different/ai-is-different.mp4,teaching point,9,Board 2 takeaway: Patterns power every answer / Learn patterns first. Use them to build every answer.,TAUGHT,1:17.76-1:25.44,"""It learns once before you even use it. When you ask the AI a question, it uses those learned patterns to generate an answer."" Meaning intact; the takeaway line is not spoken as written."
ai-is-different,course-assets/ai-is-different/ai-is-different.mp4,teaching point,10,That's the difference: someone writes the rules for ordinary software; AI learns patterns it can use in situations it hasn't seen before,TAUGHT,1:50.40-1:54.30 / 2:48.74-2:56.44,"Carried in two places: ""No one handed it a cookbook, but it can still improvise a dish it has never made before."" and ""Rules force the computer to repeat a programmed answer. Learned patterns allow it to dynamically construct a fresh response every time."" Not spoken as its own summary line."
ai-is-different,course-assets/ai-is-different/ai-is-different.mp4,teaching point,11,Cookbook robot: someone wrote every step; the robot follows the rules and makes the same exact dish every time,RICH,1:37.28-1:44.82,"""Think of normal software like a robot following a recipe from a cookbook. Someone wrote every step, so the robot makes the exact same dish every time."""
ai-is-different,course-assets/ai-is-different/ai-is-different.mp4,teaching point,12,"Chef: no cookbook; cooked thousands of dishes, recognized the cooking patterns, can handle a dish it's never made; same kitchen, different way to dinner",RICH,1:45.76-1:54.30,"""AI is like a chef who cooked thousands of dishes and memorized the flavor profiles. No one handed it a cookbook, but it can still improvise a dish it has never made before."" ""memorized the flavor profiles"" replaces ""recognized the cooking patterns""; the ""Same kitchen"" line is dropped."
ai-is-different,course-assets/ai-is-different/ai-is-different.mp4,teaching point,13,"That difference shows up everywhere: how each solves a problem, reaches an answer, fails, and whether you can trace why",THIN,1:55.12-2:06.58,"""This shift from manual programming to learned patterns changes the basic architecture of the software. Instead of executing a sequence of steps, the computer is now navigating a field of probabilities."" The lesson's four-part list (solve / reach an answer / fail / trace why) is replaced by technical framing; how it fails and traceability are never mentioned."
ai-is-different,course-assets/ai-is-different/ai-is-different.mp4,teaching point,14,"Board 3 PS5 worked example: same question three times; normal software: Spider-Man 2, Spider-Man 2, Spider-Man 2; AI: Spider-Man 2, NHL 26, God of War Ragnarok",RICH,2:11.00-2:47.86,"""Let's ask a computer to recommend the best game for a new PS5, and let's ask it three times in a row. Normal software follows its programmed instructions. It looks at a preset list of top games. You ask it once, it says Marvel Spider-Man 2. Ask it again, you get Marvel Spider-Man 2. A third time yields the exact same text. AI relies on its probability engine. You ask it the first time, and it predicts Marvel Spider-Man 2. Ask it again, and it builds a fresh response based on learned patterns, suggesting NHL 26. Ask a third time, and it gives you God of War Ragnarok."" All names and the order correct."
ai-is-different,course-assets/ai-is-different/ai-is-different.mp4,teaching point,15,Board 3 explanation and takeaway: normal software shows the top game on a preset list; AI builds a fresh answer so the same question gets a different recommendation; Rules repeat the programmed answer. Patterns build a fresh one.,RICH,2:20.72-2:22.58 / 2:48.74-2:56.44,"""It looks at a preset list of top games."" ... ""Rules force the computer to repeat a programmed answer. Learned patterns allow it to dynamically construct a fresh response every time."" Takeaway paraphrased, meaning intact."
ai-is-different,course-assets/ai-is-different/ai-is-different.mp4,teaching point,16,Another AI superpower: your information doesn't have to arrive neatly organized,THIN,2:57.08-2:59.58,"""Standard software also demands pristine organization."" The superpower framing is gone and the sentence is turned around into a demand on normal software; the idea only surfaces later via the receipt."
ai-is-different,course-assets/ai-is-different/ai-is-different.mp4,teaching point,17,"Structured data: GPA in a spreadsheet, grades and credits in rows and columns",RICH,3:01.36-3:10.58,"""If you want to calculate a GPA, you have to input grades and credits perfectly into the specific rows and columns of a spreadsheet. We call this Structured Data."""
ai-is-different,course-assets/ai-is-different/ai-is-different.mp4,teaching point,18,Unstructured data: details scribbled on a Chick-fil-A receipt or buried in a copied text message; AI can turn that mess into a table ready for the calculation,TAUGHT,3:10.58-3:22.28,"""AI can process unstructured data, like a messy handwritten receipt. By recognizing the relationships between words and numbers, it finds the meaning without needing data in a specific box."" Receipt kept; text message, Chick-fil-A and the turn-it-into-a-table payoff dropped."
ai-is-different,course-assets/ai-is-different/ai-is-different.mp4,teaching point,19,"Legal-pad story: messy notes, scratched lines, arrows; a picture alone wouldn't make a lesson, something had to make sense of them; AI read the notes, followed the changes, made a first draft",TAUGHT,3:22.28-3:37.64,"""When writing this very lesson, we started with messy notes on a legal pad. We had scratched out lines and arrows pointing everywhere. We fed that image to an AI, and it followed the chaotic changes to generate a clean, cohesive first draft."" The ""just saving a picture wouldn't turn them into a lesson; something still had to make sense of them"" beat is dropped."
ai-is-different,course-assets/ai-is-different/ai-is-different.mp4,teaching point,20,"Board 4 Structured vs Unstructured: Normal = fit information into the structure the software expects (fields, file types, commands); AI = makes sense of messy information; give it notes, pictures, PDFs, audio; ask for a summary, table, first draft, image; depends on the app; You bring the mess. AI helps make sense of it.",THIN,2:57.50-3:04.00 and 3:10.50-3:23.50 (board on screen),"No span walks the board. The two idea lines are loosely covered by the GPA/receipt prose; the input list (notes, pictures, PDFs, audio), the output list (summary, table, first draft, image), ""available inputs and outputs depend on the app"", and the takeaway ""You bring the mess. AI helps make sense of it."" are never spoken."
ai-is-different,course-assets/ai-is-different/ai-is-different.mp4,teaching point,21,The catch: a superpower isn't the same as the right tool,TAUGHT,3:38.68-3:48.54,"""Being able to process a mess is a powerful ability. However, having a new capability does not automatically make AI the correct tool for every job you have."" Meaning intact; neither catch nor superpower is spoken; uses the banned word capability."
ai-is-different,course-assets/ai-is-different/ai-is-different.mp4,teaching point,22,"Normal software wins when a job is exact, runs the same way every time, must stay consistent (GPA, password)",TAUGHT,3:49.30-3:56.50,"""If a task requires exact consistent calculations, like checking a password, or tallying a GPA, normal software wins."""
ai-is-different,course-assets/ai-is-different/ai-is-different.mp4,teaching point,23,"AI earns its place on messy, open-ended jobs no one could write a rule for; the skill isn't reaching for AI every time, it's knowing which kind of job you're looking at and picking the tool that fits",MISSING,3:56.50-3:57.54 (gap where it belongs),"Not spoken. The narration goes straight from ""normal software wins"" to ""Because AI operates on probabilities rather than rigid rules, it introduces a major vulnerability."" The section's takeaway (the skill is picking the tool) is absent."
ai-is-different,course-assets/ai-is-different/ai-is-different.mp4,teaching point,24,"Superman comparison: a human can hold Kryptonite, toss it in a backpack; for Superman it can be fatal",MISSING,n/a,"Not spoken. No Superman, backpack, or fatal anywhere in the file."
ai-is-different,course-assets/ai-is-different/ai-is-different.mp4,teaching point,25,"AI has its own Kryptonite; not fatal, but you need to be aware of it",MISSING,n/a (Kryptonite only at 5:17.38),"Not spoken. The word Kryptonite occurs once, inside the closing line; the section is introduced as ""it introduces a major vulnerability"" (4:01.48)."
ai-is-different,course-assets/ai-is-different/ai-is-different.mp4,teaching point,26,"Because AI runs on learned patterns and not rules it's harder to control; Trained behavior is harder to predict, inspect, and lock down than written rules",TAUGHT,3:57.54-4:13.28,"""Because AI operates on probabilities rather than rigid rules, it introduces a major vulnerability. Trained behavior is inherently harder to predict, inspect, and control than written instructions."" Bold line near-verbatim (control for lock down)."
ai-is-different,course-assets/ai-is-different/ai-is-different.mp4,teaching point,27,"No one, not the engineers who built it, the researchers who study it, or the company that ships it, can fully predict what it will do",MISSING,n/a,Not spoken. No engineers/researchers/company beat anywhere.
ai-is-different,course-assets/ai-is-different/ai-is-different.mp4,teaching point,28,Sometimes people use its superpowers to cause harm; you need to recognize these risks,THIN,4:10.78-4:13.64 / 4:21.80-4:23.44,"""This graphic outlines severe risks from this lack of control."" and ""allowing bad actors to automate deception."" Misuse by people is implied under scams only; the you-need-to-recognize-these-risks charge to the student is not spoken."
ai-is-different,course-assets/ai-is-different/ai-is-different.mp4,teaching point,29,"Board 5 Scams that scale: AI generates code, convincing messages, and fake identities in seconds",TAUGHT,4:14.74-4:23.44,"""One risk is the ability to scale scams. AI can generate malicious code and convincing fraudulent messages in seconds, allowing bad actors to automate deception."" Name reworded (""scale scams""); fake identities dropped."
ai-is-different,course-assets/ai-is-different/ai-is-different.mp4,teaching point,30,"Board 5 Deepfakes: convincing fakes can target and humiliate anyone, including students",TAUGHT,4:24.44-4:36.58,"""There is also the issue of deep fakes. The system can use its patterns to create convincing fake media that can be used to target or humiliate individuals."" ""including students"" (the line that lands for this audience) dropped."
ai-is-different,course-assets/ai-is-different/ai-is-different.mp4,teaching point,31,Board 5 Confident but wrong: medical and safety answers can sound correct even when flat wrong,RICH,4:36.58-4:48.52,"""We also see instances where the model is confident but wrong. It can produce medical or safety answers that sound authoritative, even when the information is factually incorrect."""
ai-is-different,course-assets/ai-is-different/ai-is-different.mp4,teaching point,32,"Board 5 takeaway: Trained behavior is harder to predict, inspect, and lock down.",TAUGHT,4:45.88-4:51.60,"""These errors happen because trained behavior is much harder to predict or lock down than a simple written rule."" Near-verbatim; inspect dropped this time."
ai-is-different,course-assets/ai-is-different/ai-is-different.mp4,teaching point,33,"Guardrails: companies don't ignore this; during training they teach AI to avoid harmful behavior; plus a safety layer in the apps, guardrails, that block, redirect, or limit harmful requests; none are perfect: can miss something dangerous or block something harmless",TAUGHT,4:53.04-5:12.48,"""To defend against these threats, the tech industry adds safety layers called guardrails to their applications. These are designed to block or redirect harmful requests before the AI can process them. But these guardrails are imperfect. They sit on top of a probabilistic engine, meaning they can easily miss a dangerous prompt or accidentally block a completely harmless one."" The training half of the industry's answer (teach AI to avoid harmful behavior during training) is not spoken; limit dropped."
ai-is-different,course-assets/ai-is-different/ai-is-different.mp4,teaching point,34,Closing line 1: AI's foundation gives it new superpowers.,RICH,5:13.26-5:14.84,"""AI's foundation gives it new superpowers."" exact."
ai-is-different,course-assets/ai-is-different/ai-is-different.mp4,teaching point,35,Closing line 2: Those superpowers come with Kryptonite. (last words),RICH,5:15.42-5:17.80,"""Those superpowers come with kryptonite."" exact; last words spoken, nothing after."
ai-is-different,course-assets/ai-is-different/ai-is-different.mp4,hard requirement,1,Say AI has superpowers and is built on a different foundation; use the word superpowers (opening),MISSED,0:00.00-0:13.12,"Opening spoken as ""Artificial intelligence is now performing tasks that were previously impossible for computers to handle. This shift in capability happens because the underlying logic of AI is distinct..."" The word superpowers is spoken only inside the closing line (5:14.84, 5:16.24); superpower never appears at the structured-data or catch beats either."
ai-is-different,course-assets/ai-is-different/ai-is-different.mp4,hard requirement,2,Teach rules with the password example,MET,0:27.66-0:43.50,"""If the password matches, the green path executes and opens the app. Else, the red path takes over, showing a message saying the password doesn't match."""
ai-is-different,course-assets/ai-is-different/ai-is-different.mp4,hard requirement,3,Teach two ideas: Learn First (Training / Patterns) and Answer One Word at a Time (Probability / Prediction); do not call these phases or four steps,MET,1:08.40-1:36.16,"Training, patterns, probability, prediction all taught. Borderline: ""During the first step, training"" (1:08.84) frames training as a step; no phases or four steps are named and no second/third/fourth step follows."
ai-is-different,course-assets/ai-is-different/ai-is-different.mp4,hard requirement,4,Tell the cookbook robot and chef comparison,MET,1:37.28-1:54.30,"""Think of normal software like a robot following a recipe from a cookbook... AI is like a chef who cooked thousands of dishes..."""
ai-is-different,course-assets/ai-is-different/ai-is-different.mp4,hard requirement,5,"Walk the PS5 example: normal software answers Spider-Man 2 three times; AI answers Spider-Man 2, NHL 26, God of War Ragnarok",MET,2:11.00-2:47.86,"""You ask it once, it says Marvel Spider-Man 2. Ask it again, you get Marvel Spider-Man 2. A third time yields the exact same text... it predicts Marvel Spider-Man 2... suggesting NHL 26... it gives you God of War Ragnarok."""
ai-is-different,course-assets/ai-is-different/ai-is-different.mp4,hard requirement,6,Say rules repeat the programmed answer; patterns build a fresh one,MET,2:48.74-2:56.44,"""Rules force the computer to repeat a programmed answer. Learned patterns allow it to dynamically construct a fresh response every time."" Paraphrase with meaning intact (see takeaway-lines row for the as-written miss)."
ai-is-different,course-assets/ai-is-different/ai-is-different.mp4,hard requirement,7,"Teach structured vs unstructured data with the GPA spreadsheet and the receipt, then the legal-pad story",MET,2:57.08-3:37.64,"""...rows and columns of a spreadsheet. We call this Structured Data. AI can process unstructured data, like a messy handwritten receipt... we started with messy notes on a legal pad..."""
ai-is-different,course-assets/ai-is-different/ai-is-different.mp4,hard requirement,8,Board 3 (Rules vs Patterns) content taught in one uninterrupted span,MET,2:11.00-2:56.44,"One continuous run from ""Let's ask a computer..."" to ""...fresh response every time."""
ai-is-different,course-assets/ai-is-different/ai-is-different.mp4,hard requirement,9,Board 4 (Structured vs Unstructured) content taught from the Markdown in one uninterrupted span,MISSED,2:57.50-3:23.50 (board on screen),"No span teaches the board's content: the input/output lists, ""depend on the app"", and ""You bring the mess. AI helps make sense of it."" are never spoken; the inserted board sits under the GPA/receipt prose."
ai-is-different,course-assets/ai-is-different/ai-is-different.mp4,hard requirement,10,Say the catch: a superpower isn't the same as the right tool,MISSED,3:40.32-3:48.54,"""However, having a new capability does not automatically make AI the correct tool for every job you have."" Neither catch nor superpower spoken; uses the banned word capability."
ai-is-different,course-assets/ai-is-different/ai-is-different.mp4,hard requirement,11,"Teach AI's Kryptonite with the Superman comparison, using the word Kryptonite",MISSED,3:57.54-4:02.90,"""Because AI operates on probabilities rather than rigid rules, it introduces a major vulnerability."" No Superman comparison; Kryptonite spoken only in the closing line (5:17.38)."
ai-is-different,course-assets/ai-is-different/ai-is-different.mp4,hard requirement,12,"All three stories by name: scams that scale, deepfakes, confident but wrong",MET,4:14.74 / 4:25.80 / 4:36.82,"""the ability to scale scams"" (name reworded), ""deep fakes"", ""confident but wrong""."
ai-is-different,course-assets/ai-is-different/ai-is-different.mp4,hard requirement,13,Explain guardrails,MET,4:53.04-5:12.48,"""the tech industry adds safety layers called guardrails to their applications. These are designed to block or redirect harmful requests... But these guardrails are imperfect... miss a dangerous prompt or accidentally block a completely harmless one."""
ai-is-different,course-assets/ai-is-different/ai-is-different.mp4,hard requirement,14,Speak every takeaway line as written (Boards 2-5),MISSED,1:17.76 / 2:48.74 / n/a / 4:04.30 and 4:45.88,"Board 2 ""Learn patterns first. Use them to build every answer."" not spoken (paraphrase only). Board 3 paraphrased: ""Rules force the computer to repeat a programmed answer. Learned patterns allow it to dynamically construct a fresh response every time."" Board 4 ""You bring the mess. AI helps make sense of it."" not spoken. Board 5 near-verbatim twice, neither exact: ""harder to predict, inspect, and control than written instructions"" / ""much harder to predict or lock down than a simple written rule."""
ai-is-different,course-assets/ai-is-different/ai-is-different.mp4,hard requirement,15,"Avoid banned words (leverage, methodology, framework, capabilities, operational, workflow, optimize); lesson voice, not formal or technical",MISSED,0:07.14 / 3:44.08,"""This shift in capability"" and ""having a new capability"" (singular of the banned capabilities). Register also drifts technical throughout: rigid rules, absolute certainty, architecture, field of probabilities, probability engine, dynamically construct, pristine organization, vulnerability, malicious code, bad actors, automate deception, probabilistic engine."
ai-is-different,course-assets/ai-is-different/ai-is-different.mp4,hard requirement,16,"Never ask the viewer to pause, guess, or answer",MET,whole file,No pause/guess/answer prompt anywhere.
ai-is-different,course-assets/ai-is-different/ai-is-different.mp4,hard requirement,17,"Open directly on the lesson's first idea; no title card, welcome, or preview",MET,0:00.00,"First words: ""Artificial intelligence is now performing tasks..."" (reworded first idea; no welcome or preview)."
ai-is-different,course-assets/ai-is-different/ai-is-different.mp4,hard requirement,18,"End with the two closing lines exactly, in order, as the last words",MET,5:13.26-5:17.80,"""AI's foundation gives it new superpowers. Those superpowers come with kryptonite."" Last words; nothing after."
ai-is-different,course-assets/ai-is-different/ai-is-different.mp4,error,1,"""a chef who cooked thousands of dishes and memorized the flavor profiles""",,1:45.76,"""a chef who cooked thousands of dishes and memorized the flavor profiles"" — lesson: ""recognized the cooking patterns"". Memorizing is the opposite of the pattern idea the lesson is building; minor wording drift, not a numeric error."
ai-is-different,course-assets/ai-is-different/ai-is-different.mp4,error,2,"""During the first step, training""",,1:08.84,"""During the first step, training"" — prompt: do not call these phases or steps (Learn First is an idea, not step one). Isolated; no further steps enumerated."
ai-is-different,course-assets/ai-is-different/ai-is-different.mp4,error,3,"""severe risks from this lack of control""",,4:10.78,"""severe risks from this lack of control"" — lesson: ""it's harder to control"". Overstates."
ai-is-different,course-assets/ai-is-different/ai-is-different.mp4,error,4,"""they can easily miss a dangerous prompt""",,5:05.88,"""they can easily miss a dangerous prompt"" — lesson: ""They can miss something dangerous or block something harmless."" ""easily"" overstates; the added reason ""They sit on top of a probabilistic engine"" is not the lesson's."
ai-is-different,course-assets/ai-is-different/ai-is-different.mp4,addition,1,"""the green path executes"" / ""the red path takes over""",,0:35.86-0:43.50,"""the green path executes"" / ""the red path takes over"" — describes the flowchart artwork rather than the content (prompt: teach content, not artwork). Harmless; cut candidate if the board is re-timed."
ai-is-different,course-assets/ai-is-different/ai-is-different.mp4,addition,2,"""This infographic illustrates the new process.""",,1:01.60-1:03.34,"""This infographic illustrates the new process."" — production talk, not teaching. Clean cut candidate (gaps 1:00.64-1:01.60 and 1:03.34-1:04.52)."
ai-is-different,course-assets/ai-is-different/ai-is-different.mp4,addition,3,"""changes the basic architecture of the software. Instead of executing a sequence of steps, the computer is now navigating a field of probabilities.""",,1:55.12-2:06.58,"""changes the basic architecture of the software. Instead of executing a sequence of steps, the computer is now navigating a field of probabilities."" — outside technical framing that displaced the lesson's own four-way list; distracting for the audience."
ai-is-different,course-assets/ai-is-different/ai-is-different.mp4,addition,4,"""By recognizing the relationships between words and numbers, it finds the meaning without needing data in a specific box.""",,3:15.94-3:22.28,"""By recognizing the relationships between words and numbers, it finds the meaning without needing data in a specific box."" — accurate and clear; a candidate lesson line for the unstructured-data paragraph."
ai-is-different,course-assets/ai-is-different/ai-is-different.mp4,addition,5,"""AI relies on its probability engine.""",,2:32.72-2:34.76,"""AI relies on its probability engine."" — accurate shorthand, jargon for this audience."
ai-is-different,course-assets/ai-is-different/ai-is-different.mp4,addition,6,"""They sit on top of a probabilistic engine, meaning they can easily miss...""",,5:05.88-5:08.42,"""They sit on top of a probabilistic engine, meaning they can easily miss..."" — added reason the lesson does not give; technical register."
ai-is-different,course-assets/ai-is-different/ai-is-different.mp4,source_qa,1,Lesson page vs Markdown vs prompt,,,"PASS - index.html AIvsCodeSection and lessons/ai-is-different.md agree line for line, including the hidden Board 4 and Board 5 text and the CLOSE_BOARDS pill/sticky. No material error or contradiction in the lesson. lessons/ai-is-different-donor.md holds exactly the four lines this roll skipped (hook, Superman, own Kryptonite, no one can predict) plus the close; none of those lines is present in the live file, so the donor roll was never grafted into it."
ai-is-different,course-assets/ai-is-different/ai-is-different.mp4,editing note,1,Materials,,,"lessons/ai-is-different.md matches the page; no materials bug. Kit table still says ""materials ready, roll pending"" for this lesson although the live file is 20260921ship15; the Kryptonite note (Deepfakes panel uploaded) still applies."
ai-is-different,course-assets/ai-is-different/ai-is-different.mp4,editing note,2,Excess to cut,,,"1:01.60-1:03.34 ""This infographic illustrates the new process.""; 1:55.12-2:06.58 the architecture/field-of-probabilities passage (clean silences either side: 1:54.30-1:55.12 and 2:06.58-2:07.88). Both cuts are optional in a reroll and moot for this file since the verdict is REROLL."
ai-is-different,course-assets/ai-is-different/ai-is-different.mp4,editing note,3,Structured board,,,"The inserted Structured vs Unstructured board sits in two short spans (2:57.5-3:04.0, 3:10.5-3:23.5) under prose that never reads it; in the next build, the board walk needs its own narration span per the prompt."
ai-is-different,course-assets/ai-is-different/ai-is-different.mp4,editing note,4,Donor status,,,"No raw rolls survive for this lesson; the only in-file words for the missing beats are the closing lines themselves, which cannot be reused as a hook or a Kryptonite intro without a synthetic re-use of the close. Donor: none available."
ai-is-different,course-assets/ai-is-different/ai-is-different.mp4,editing note,5,Board holds,,,Not re-reviewed here; the hold/stroke review (REVIEW.md) already covers Rules vs Patterns 46.5 s and Kryptonite 42.0 s.
where-ai-works-best,course-assets/where-ai-works-best/where-ai-works-best.mp4,teaching point,1,"Hook: AI will take on almost anything you ask (writing, planning, summarizing, coding, drawing, researching)",TAUGHT,0:00.00-0:06.48,"""If you ask an AI to write a script, plan a trip, or write some code, it will gladly accept the job."" / three of the page's six job types; meaning intact"
where-ai-works-best,course-assets/where-ai-works-best/where-ai-works-best.mp4,teaching point,2,"""Can try"" is not the same as ""built for""; AI is far better at some kinds of work than others",TAUGHT,0:07.06-0:11.24,"""But just because an AI can try a task doesn't mean it was built for that task."" / second half arrives as the verbatim close at 4:11.42"
where-ai-works-best,course-assets/where-ai-works-best/where-ai-works-best.mp4,teaching point,3,"Course story: AI coded every page and interaction, grade A+",TAUGHT,0:15.28-0:20.94,"""When we asked the AI to code the page layouts, it executed the task flawlessly, earning an A+."" / ""page layouts"" narrower than ""every page and every interaction"""
where-ai-works-best,course-assets/where-ai-works-best/where-ai-works-best.mp4,teaching point,4,"Course story: first drafts of all lessons, grade C-",TAUGHT,0:20.94-0:26.36,"""But when we asked it to write the first drafts of the lessons, the result was closer to a C minus."" / page: ""only earned a C-""; harmless hedge"
where-ai-works-best,course-assets/where-ai-works-best/where-ai-works-best.mp4,teaching point,5,"Why the C-: points in the wrong order, explanations that missed what we meant, no feel for how a lesson should flow",RICH,0:26.90-0:37.10,"""The code worked, but the text was a mess. The AI placed points in the wrong order missed the nuance of our explanations and lacked any natural flow for a student trying to learn."" / all three faults present"
where-ai-works-best,course-assets/where-ai-works-best/where-ai-works-best.mp4,teaching point,6,"Board 1 contrast: code A+ vs marked-up lesson draft C-; ""Same AI. Different jobs. Different results.""",TAUGHT,0:15.28-0:28.94,"substance carried by the story and ""The code worked, but the text was a mess."" / the bar's three-beat line itself is not spoken; not a verbatim item in the prompt; board on screen 0:12.00-0:54.00"
where-ai-works-best,course-assets/where-ai-works-best/where-ai-works-best.mp4,teaching point,7,"What the gap taught: AI could test a button or page load; a lesson needed the right ideas, in the right order, explained so it made sense to you",TAUGHT,0:37.78-0:46.20,"""This highlights the gap. Testing if a button mechanically functions is a completely different job than organizing human ideas in a logical, coherent sequence."" / ""explained in a way that made sense to you"" compressed away"
where-ai-works-best,course-assets/where-ai-works-best/where-ai-works-best.mp4,teaching point,8,Drafts weren't good enough to use; we had to decide what worked and what needed to change,TAUGHT,0:46.98-0:53.18,"""Because AI struggles to architect a perfect final draft on its own, it relies on human judgment to shape the result."""
where-ai-works-best,course-assets/where-ai-works-best/where-ai-works-best.mp4,teaching point,9,Bridge: four strengths you can put to work; AI is strongest when the job has one of four shapes,TAUGHT,0:53.68-1:00.40,"""Instead of asking it to do everything, you get much better results when you apply it to four specific structural strengths."" / ""structural"" invented"
where-ai-works-best,course-assets/where-ai-works-best/where-ai-works-best.mp4,teaching point,10,Strength 1 of 4 named: Reshape Your Material,TAUGHT,1:01.10-1:04.92,"""Let's look at this graphic detailing our first strength, reshape your material."" / name exact"
where-ai-works-best,course-assets/where-ai-works-best/where-ai-works-best.mp4,teaching point,11,"Reshape, why it fits AI: learned patterns for putting the same ideas into different forms",TAUGHT,1:05.72-1:13.76,"""This works incredibly well because AI has learned the underlying patterns for translating identical ideas into entirely new structural forms."""
where-ai-works-best,course-assets/where-ai-works-best/where-ai-works-best.mp4,teaching point,12,"Reshape, what it does: give AI something you have, ask for a different form; keep meaning, change presentation",TAUGHT,1:14.24-1:23.10,"""In practice, this means you can take something you already have, give it to the AI, and command it to alter the presentation without changing your original meaning."" / the three in-sentence transforms (table, plain language, bullets) not spoken"
where-ai-works-best,course-assets/where-ai-works-best/where-ai-works-best.mp4,teaching point,13,"Reshape examples: study guide, voice memo to to-do list, translate into another language, technical instructions in plain language",RICH,1:23.10-1:35.94,"""paste in a set of messy notes and ask for a structured study guide. You can drop in a transcribed voice memo and turn it into a clean-to-do list, or translate dense technical jargon into plain language."" / three of four; other-language example dropped"
where-ai-works-best,course-assets/where-ai-works-best/where-ai-works-best.mp4,teaching point,14,"Reshape takeaway line ""Your material. A more useful form.""",MISSING,1:01.00-1:36.50,not spoken anywhere in the file; board with the printed bar on screen for the span
where-ai-works-best,course-assets/where-ai-works-best/where-ai-works-best.mp4,teaching point,15,Strength 2 of 4 named: Explore Possibilities,TAUGHT,1:36.68-1:40.60,"""Our second strength, as outlined in this next graphic, is exploring possibilities."" / inflected form"
where-ai-works-best,course-assets/where-ai-works-best/where-ai-works-best.mp4,teaching point,16,"Explore, why it fits AI: learned patterns from many different ideas and examples; combines them in new ways for more possibilities",TAUGHT,1:41.74-1:50.64,"""This taps into the AI's ability to synthesize patterns from wildly different concepts that has processed, allowing it to combine them to generate novel options."""
where-ai-works-best,course-assets/where-ai-works-best/where-ai-works-best.mp4,teaching point,17,"Explore, what it does: when stuck ask for possibilities; explore approaches, react, ask for more of what interests you; you decide which ideas to take further",TAUGHT,1:50.64-2:01.92,"""When you find yourself stuck, you can prompt the AI to generate a wide menu of approaches. From there, you simply react to its suggestions, refine the parameters, and narrow down your choices."" / you-decide survives only as ""narrow down your choices"""
where-ai-works-best,course-assets/where-ai-works-best/where-ai-works-best.mp4,teaching point,18,"Explore examples: essay angles, club names, story openings, fundraiser ideas",RICH,2:02.68-2:10.18,"""brainstorm different angles for an essay, suggest a dozen names for a new club, or generate a list of ideas for a fundraiser."" / three of four; story openings dropped"
where-ai-works-best,course-assets/where-ai-works-best/where-ai-works-best.mp4,teaching point,19,"Explore takeaway line ""More possibilities. You choose the direction.""",MISSING,1:36.50-2:11.00,not spoken anywhere in the file; board on screen for the span
where-ai-works-best,course-assets/where-ai-works-best/where-ai-works-best.mp4,teaching point,20,Strength 3 of 4 named: Find What Matters,TAUGHT,2:11.08-2:16.12,"""The third core strength is finding what matters, shown here as a funnel filtering information."" / inflected; describes artwork before teaching"
where-ai-works-best,course-assets/where-ai-works-best/where-ai-works-best.mp4,teaching point,21,"Find, why it fits AI: works through large amounts of text; learned patterns connect related ideas and find details that match your question",TAUGHT,2:16.12-2:25.02,"""AI processes massive volumes of text simultaneously. It uses pattern recognition to instantly connect related ideas across a large dataset."" / ""simultaneously"" and ""instantly"" are embellishments"
where-ai-works-best,course-assets/where-ai-works-best/where-ai-works-best.mp4,teaching point,22,"Find, what it does: give a long document, chapter, or several articles and say what you need; summarize main ideas or find specific details, so you know where to focus",TAUGHT,2:25.80-2:38.82,"""feed the AI a long document, a chapter, or a student handbook, and ask it to extract specific parameters. You bypass the need to manually read every word to locate the exact details you need."" / ""parameters"" for ""details"""
where-ai-works-best,course-assets/where-ai-works-best/where-ai-works-best.mp4,teaching point,23,"Find examples: textbook chapter main ideas, scholarship requirements, compare two articles, summarize student handbook",RICH,2:39.20-2:50.96,"""pull the main ideas from a textbook chapter, isolate the specific requirements from a lengthy scholarship application, or rapidly compare how two different articles treat the exact same topic."" / handbook folded into 2:30.02; all four reach the viewer"
where-ai-works-best,course-assets/where-ai-works-best/where-ai-works-best.mp4,teaching point,24,"Find takeaway line ""A lot to read. A clearer place to focus.""",MISSING,2:11.00-2:51.50,not spoken anywhere in the file; board on screen for the span
where-ai-works-best,course-assets/where-ai-works-best/where-ai-works-best.mp4,teaching point,25,Strength 4 of 4 named: Work Through Problems,TAUGHT,2:51.50-2:56.38,"""Our fourth and final strength is working through problems, represented by these interlocking blocks."" / inflected"
where-ai-works-best,course-assets/where-ai-works-best/where-ai-works-best.mp4,teaching point,26,"Problems, why it fits AI: training showed many examples of people connecting ideas, working through problems, finding solutions; patterns applied to new problems",RICH,2:57.12-3:09.08,"""During its training, the AI was exposed to millions of examples of humans logically connecting ideas, encountering friction, and documenting solutions. It can now apply those documented patterns to your specific roadblocks."" / ""millions"" for ""many"""
where-ai-works-best,course-assets/where-ai-works-best/where-ai-works-best.mp4,teaching point,27,"Problems, what it does: tell AI the goal, what you know, what's in the way; it breaks the problem into steps, compares approaches, suggests what to try next",TAUGHT,3:09.08-3:20.58,"""You start by defining your end goal, listing the resources you currently have, and identifying exactly what is getting in the way. The AI can then reverse engineer that problem into actionable, comparative steps."" / outputs compressed"
where-ai-works-best,course-assets/where-ai-works-best/where-ai-works-best.mp4,teaching point,28,"Problems: ""You decide what makes sense.""",THIN,4:00.74-4:07.00,"not spoken at the strength (3:09.08-3:30.44); idea reaches the viewer only through the global close ""That final mile of work belongs to you. Your domain knowledge and critical judgment are the ultimate requirements for success."""
where-ai-works-best,course-assets/where-ai-works-best/where-ai-works-best.mp4,teaching point,29,"Problems examples: weekend trip within budget, why your code isn't working, compare colleges, science experiment",RICH,3:21.10-3:30.44,"""planning a weekend trip on a strict budget, debugging broken code, or isolating exactly why a science experiment gave you unexpected results."" / three of four; colleges dropped"
where-ai-works-best,course-assets/where-ai-works-best/where-ai-works-best.mp4,teaching point,30,"Problems takeaway line ""Work through the pieces. Make your own call.""",MISSING,2:51.50-3:31.00,not spoken anywhere in the file; board on screen for the span
where-ai-works-best,course-assets/where-ai-works-best/where-ai-works-best.mp4,teaching point,31,"Why this works, vast exposure: training gave AI more examples than any human could read in a lifetime (code, essays, explanations, emails, arguments, stories, documents, conversations)",TAUGHT,3:30.98-3:40.82,"""The reason AI is so capable across these four areas comes down to vast exposure. During training, it read more examples of human output than a person could process in a lifetime."" / list of kinds dropped"
where-ai-works-best,course-assets/where-ai-works-best/where-ai-works-best.mp4,teaching point,32,"That's why it's fluent with common formats; it has seen many versions of ""this kind of thing"" before",TAUGHT,3:41.34-3:47.20,"""Because it has seen so many variations, it recognizes the standard layout of almost any typical task you give it."""
where-ai-works-best,course-assets/where-ai-works-best/where-ai-works-best.mp4,teaching point,33,"Seeing many examples helps AI get started, but doesn't guarantee the answer is right or fits what you need",RICH,3:47.50-4:00.18,"""But this vast exposure comes with a critical limitation. It makes the AI perfect for getting a task started, but it provides absolutely no guarantee that the final output is factually correct, or perfectly aligned with your specific needs."""
where-ai-works-best,course-assets/where-ai-works-best/where-ai-works-best.mp4,teaching point,34,That's where your knowledge and judgment matter,TAUGHT,4:00.74-4:07.00,"""That final mile of work belongs to you. Your domain knowledge and critical judgment are the ultimate requirements for success."" / formal wording, meaning intact"
where-ai-works-best,course-assets/where-ai-works-best/where-ai-works-best.mp4,teaching point,35,"Closing line 1 ""AI does some things better than others.""",TAUGHT,4:11.42-4:13.44,verbatim
where-ai-works-best,course-assets/where-ai-works-best/where-ai-works-best.mp4,teaching point,36,"Closing line 2 ""“Can try” is not “built for.”""",TAUGHT,4:14.18-4:15.82,"""Can try is not built for."""
where-ai-works-best,course-assets/where-ai-works-best/where-ai-works-best.mp4,hard requirement,1,Open with AI taking on almost anything you ask,MET,0:00.00-0:06.48,"""If you ask an AI to write a script, plan a trip, or write some code, it will gladly accept the job."""
where-ai-works-best,course-assets/where-ai-works-best/where-ai-works-best.mp4,hard requirement,2,"Say ""can try"" is not the same as ""built for"" in the opening",MET,0:07.06-0:11.24,"""just because an AI can try a task doesn't mean it was built for that task"" / both terms spoken; sentence paraphrased"
where-ai-works-best,course-assets/where-ai-works-best/where-ai-works-best.mp4,hard requirement,3,Course story: A+ for coding,MET,0:20.06-0:20.94,"""earning an A+"""
where-ai-works-best,course-assets/where-ai-works-best/where-ai-works-best.mp4,hard requirement,4,Course story: C- for lesson drafts,MET,0:24.58-0:26.36,"""the result was closer to a C minus"""
where-ai-works-best,course-assets/where-ai-works-best/where-ai-works-best.mp4,hard requirement,5,Course story: what the gap taught us,MET,0:37.78-0:53.18,"""This highlights the gap. Testing if a button mechanically functions is a completely different job than organizing human ideas in a logical, coherent sequence."" ... ""it relies on human judgment to shape the result."""
where-ai-works-best,course-assets/where-ai-works-best/where-ai-works-best.mp4,hard requirement,6,"Teach all four strengths by name, in order",MET,1:03.92 / 1:39.60 / 2:12.42 / 2:53.10,"""reshape your material"" / ""exploring possibilities"" / ""finding what matters"" / ""working through problems"" / order correct; three names inflected rather than as printed"
where-ai-works-best,course-assets/where-ai-works-best/where-ai-works-best.mp4,hard requirement,7,Reshape: say why it fits AI,MET,1:05.72-1:13.76,"""AI has learned the underlying patterns for translating identical ideas into entirely new structural forms"""
where-ai-works-best,course-assets/where-ai-works-best/where-ai-works-best.mp4,hard requirement,8,Reshape: say what it does,MET,1:14.24-1:23.10,"""take something you already have, give it to the AI, and command it to alter the presentation without changing your original meaning"""
where-ai-works-best,course-assets/where-ai-works-best/where-ai-works-best.mp4,hard requirement,9,Reshape: at least two examples,MET,1:23.10-1:35.94,study guide / voice memo to to-do list / technical jargon into plain language
where-ai-works-best,course-assets/where-ai-works-best/where-ai-works-best.mp4,hard requirement,10,"Reshape takeaway ""Your material. A more useful form."" as written",MISSED,1:01.00-1:36.50,not spoken; no words of it anywhere in the file
where-ai-works-best,course-assets/where-ai-works-best/where-ai-works-best.mp4,hard requirement,11,Explore: say why it fits AI,MET,1:41.74-1:50.64,"""synthesize patterns from wildly different concepts ... combine them to generate novel options"""
where-ai-works-best,course-assets/where-ai-works-best/where-ai-works-best.mp4,hard requirement,12,Explore: say what it does,MET,1:50.64-2:01.92,"""prompt the AI to generate a wide menu of approaches ... react to its suggestions, refine the parameters, and narrow down your choices"""
where-ai-works-best,course-assets/where-ai-works-best/where-ai-works-best.mp4,hard requirement,13,Explore: at least two examples,MET,2:02.68-2:10.18,essay angles / club names / fundraiser ideas
where-ai-works-best,course-assets/where-ai-works-best/where-ai-works-best.mp4,hard requirement,14,"Explore takeaway ""More possibilities. You choose the direction."" as written",MISSED,1:36.50-2:11.00,not spoken; no words of it anywhere in the file
where-ai-works-best,course-assets/where-ai-works-best/where-ai-works-best.mp4,hard requirement,15,Find: say why it fits AI,MET,2:16.12-2:25.02,"""processes massive volumes of text ... pattern recognition to instantly connect related ideas"""
where-ai-works-best,course-assets/where-ai-works-best/where-ai-works-best.mp4,hard requirement,16,Find: say what it does,MET,2:25.80-2:38.82,"""feed the AI a long document, a chapter, or a student handbook, and ask it to extract specific parameters"""
where-ai-works-best,course-assets/where-ai-works-best/where-ai-works-best.mp4,hard requirement,17,Find: at least two examples,MET,2:30.02 / 2:39.20-2:50.96,student handbook / textbook chapter / scholarship application / two articles
where-ai-works-best,course-assets/where-ai-works-best/where-ai-works-best.mp4,hard requirement,18,"Find takeaway ""A lot to read. A clearer place to focus."" as written",MISSED,2:11.00-2:51.50,not spoken; no words of it anywhere in the file
where-ai-works-best,course-assets/where-ai-works-best/where-ai-works-best.mp4,hard requirement,19,Problems: say why it fits AI,MET,2:57.12-3:09.08,"""exposed to millions of examples of humans logically connecting ideas, encountering friction, and documenting solutions"""
where-ai-works-best,course-assets/where-ai-works-best/where-ai-works-best.mp4,hard requirement,20,Problems: say what it does,MET,3:09.08-3:20.58,"""defining your end goal, listing the resources you currently have, and identifying exactly what is getting in the way ... into actionable, comparative steps"""
where-ai-works-best,course-assets/where-ai-works-best/where-ai-works-best.mp4,hard requirement,21,Problems: at least two examples,MET,3:21.10-3:30.44,weekend trip on a strict budget / debugging broken code / science experiment
where-ai-works-best,course-assets/where-ai-works-best/where-ai-works-best.mp4,hard requirement,22,"Problems takeaway ""Work through the pieces. Make your own call."" as written",MISSED,2:51.50-3:31.00,not spoken; no words of it anywhere in the file
where-ai-works-best,course-assets/where-ai-works-best/where-ai-works-best.mp4,hard requirement,23,Close with why this works: vast exposure,MET,3:30.98-3:40.82,"""comes down to vast exposure. During training, it read more examples of human output than a person could process in a lifetime."""
where-ai-works-best,course-assets/where-ai-works-best/where-ai-works-best.mp4,hard requirement,24,Seeing many examples doesn't guarantee the answer is right,MET,3:50.86-4:00.18,"""it provides absolutely no guarantee that the final output is factually correct, or perfectly aligned with your specific needs"""
where-ai-works-best,course-assets/where-ai-works-best/where-ai-works-best.mp4,hard requirement,25,"Closing line ""AI does some things better than others."" verbatim",MET,4:11.42-4:13.44,verbatim
where-ai-works-best,course-assets/where-ai-works-best/where-ai-works-best.mp4,hard requirement,26,"Closing line ""“Can try” is not “built for.”"" verbatim",MET,4:14.18-4:15.82,"""Can try is not built for."""
where-ai-works-best,course-assets/where-ai-works-best/where-ai-works-best.mp4,hard requirement,27,"No summary, sign-off, or narration after the two closing lines",MET,4:15.82,"audio ends; nothing follows (lead-in ""As you work with these tools, remember this baseline."" precedes at 4:07.72-4:10.58, allowed)"
where-ai-works-best,course-assets/where-ai-works-best/where-ai-works-best.mp4,hard requirement,28,"Never ask the viewer to pause, guess, answer, or work anything out",MET,0:00.00-4:15.82,no such request in the transcript
where-ai-works-best,course-assets/where-ai-works-best/where-ai-works-best.mp4,hard requirement,29,"Banned words absent (leverage, methodology, framework, capabilities, operational, workflow, optimize, strategic)",MET,0:00.00-4:15.82,"none spoken; ""capable"" at 3:32.12 is not ""capabilities"""
where-ai-works-best,course-assets/where-ai-works-best/where-ai-works-best.mp4,hard requirement,30,Do not narrate the TRY IT,MET,0:00.00-4:15.82,no TRY IT content spoken
where-ai-works-best,course-assets/where-ai-works-best/where-ai-works-best.mp4,hard requirement,31,Board 1 content taught in one uninterrupted span,MET,0:11.72-0:53.18,continuous narration; board on screen 0:12.00-0:54.00
where-ai-works-best,course-assets/where-ai-works-best/where-ai-works-best.mp4,hard requirement,32,"Open directly on the first idea: no title card, welcome, or preview",MET,0:00.00,opens on the hook
where-ai-works-best,course-assets/where-ai-works-best/where-ai-works-best.mp4,error,1,none material,,,"word-choice drifts only: 2:31.72-2:32.94 ""extract specific parameters"" (lesson: ""the specific details you need"") / 2:59.48 ""millions of examples"" (lesson: ""many examples"") / 0:31.70-0:33.76 ""missed the nuance of our explanations"" (lesson: ""added explanations that missed what we meant"", same practical meaning)"
where-ai-works-best,course-assets/where-ai-works-best/where-ai-works-best.mp4,addition,1,"""The code worked, but the text was a mess.""",,0:26.90-0:28.94,worth keeping; crisp restatement of the A+/C- contrast; candidate lesson line
where-ai-works-best,course-assets/where-ai-works-best/where-ai-works-best.mp4,addition,2,"""Instead of asking it to do everything""",,0:53.68-0:55.40,worth keeping; fair bridge into the four strengths
where-ai-works-best,course-assets/where-ai-works-best/where-ai-works-best.mp4,addition,3,"""That final mile of work belongs to you.""",,4:00.74-4:02.92,"worth keeping; plain lead into ""your knowledge and judgment matter""; candidate lesson line"
where-ai-works-best,course-assets/where-ai-works-best/where-ai-works-best.mp4,addition,4,"Invented quantities: ""millions of examples"" / ""a dozen names""",,2:59.48 / 2:06.24,"flagged; lesson says ""many"" and ""names"""
where-ai-works-best,course-assets/where-ai-works-best/where-ai-works-best.mp4,addition,5,"Speed claims: ""massive volumes of text simultaneously"" / ""instantly connect""",,2:16.12-2:25.02,flagged; the lesson makes no speed claim
where-ai-works-best,course-assets/where-ai-works-best/where-ai-works-best.mp4,addition,6,Jargon substitutions: architect / synthesize / refine the parameters / extract specific parameters / dataset / reverse engineer / actionable / structural,,0:48.42 / 1:43.92 / 1:59.70 / 2:31.72 / 2:24.72 / 3:17.44 / 3:19.16 / 0:59.30 and 1:13.20,"flagged; none banned, all off the lesson's plain voice; add to the reroll VOICE avoid-list"
where-ai-works-best,course-assets/where-ai-works-best/where-ai-works-best.mp4,source_qa,1,PASS,,,"Markdown matches the live page: opening paragraphs, Board 1 content, the four ENGINES why/mechanism/powers, vast-exposure paragraphs, both CLOSE_BOARDS lines; no lesson-internal contradiction"
where-ai-works-best,course-assets/where-ai-works-best/where-ai-works-best.mp4,editing note,1,Repair: none feasible,,,none of the four takeaway lines' words exist anywhere in the live audio; no raw rolls survive for this lesson; the THIN you-decide beat has no donor (the global close 4:00.74-4:07.00 cannot be duplicated without a synthetic splice)
where-ai-works-best,course-assets/where-ai-works-best/where-ai-works-best.mp4,editing note,2,Prompt gap: takeaway lines not listed,,,"prompt says ""its takeaway line as written"" / ""Speak every takeaway line as written"" but never lists the four lines; add a VERBATIM list per the 2026-09-20 recipe in Prompts/README.md (kit row dated 2026-09-14, rebuild to the current recipe before rerolling)"
where-ai-works-best,course-assets/where-ai-works-best/where-ai-works-best.mp4,editing note,3,Prompt gap: names as printed,,,"""teach all four strengths by name"" should read ""speak each name exactly as printed on its board""; three of four came out inflected"
where-ai-works-best,course-assets/where-ai-works-best/where-ai-works-best.mp4,editing note,4,Prompt additions to consider,,,"list Board 1 bar ""Same AI. Different jobs. Different results."" as verbatim if it should be spoken; add ""You decide"" / ""Make your own call"" to the per-strength must-say list; VOICE avoid-list: synthesize, parameters, architect, reverse engineer, dataset, actionable, structural"
where-ai-works-best,course-assets/where-ai-works-best/where-ai-works-best.mp4,editing note,5,Kit status stale,,,"WORK-WITH-AI-VIDEO-KITS.md row still reads ""materials ready, roll pending"" though this video shipped 2026-09-16"
where-ai-works-best,course-assets/where-ai-works-best/where-ai-works-best.mp4,editing note,6,Meta-references to the board,,1:01.10-1:03.36 / 1:37.60-1:39.06 / 2:13.80-2:16.12 / 2:54.50-2:56.38,"""this graphic detailing"" / ""as outlined in this next graphic"" / ""shown here as a funnel filtering information"" / ""represented by these interlocking blocks""; harmless under boards, clause-level so not proposed as cuts; keep the prompt's no-artwork-description line"
where-ai-works-best,course-assets/where-ai-works-best/where-ai-works-best.mp4,editing note,7,Optional trim before the close,,4:07.72-4:10.58,"""As you work with these tools, remember this baseline."" is a whole sentence between silences (gaps 4:07.00-4:07.72 and 4:10.58-4:11.42); feasible cut, not required"
where-ai-works-best,course-assets/where-ai-works-best/where-ai-works-best.mp4,editing note,8,"Out of scope, for the hold/stroke reviewer",,4:02.00-4:03.50 / 4:05.50-4:07.00,board-spans.txt registers the Find board for two 1.5 s flashes during the close beat; confirm recap scene vs stray board
where-ai-works-best,course-assets/where-ai-works-best/where-ai-works-best.mp4,editing note,9,Listening,,,"not heard; faster-whisper base.en transcript only; unresolved: 1:46.68-1:47.50 ""concepts that has processed"" (likely ""that it has processed"") / 0:31.30-0:31.70 ""wrong order missed"" (likely a spoken comma) / 1:31.80-1:32.62 ""clean-to-do list"" / voicing of ""A+"" 0:20.48 and ""C minus"" 0:26.06 / any audible quote emphasis in the closing line"
your-home-base,course-assets/your-home-base/your-home-base.mp4,teaching point,1,"Hook: first decision is which app; ChatGPT from OpenAI, Claude from Anthropic, Gemini from Google; all three chat/write/code/answer; why does it matter which one?",RICH,0:00.00-0:20.90,"""When you sit down to use AI, your first decision is which app to open. Three names you'll hear constantly are ChatGPT from OpenAI, Claude from Anthropic, and Gemini from Google. All three can chat, write code, and answer questions... why does it matter which one you pick?"" (question answered in the next breath by the burger comparison)"
your-home-base,course-assets/your-home-base/your-home-base.mp4,teaching point,2,"In-N-Out vs McDonald's: same ingredients, completely different experiences, different idea of what a burger place should be; tiny menu made fresh vs speed, scale, identical everywhere",RICH,0:21.60-0:46.04,"""Think about it like a burger place. In and out and McDonald's, both build cheeseburgers from roughly the same ingredients. Yet they provide completely different experiences because each company operates on a different idea of what a restaurant should be. One focuses on a tiny menu with everything made fresh to order. The other is engineered for maximum speed, massive scale, and being exactly identical in every city on Earth."""
your-home-base,course-assets/your-home-base/your-home-base.mp4,teaching point,3,The big three are like that: all use models that learn patterns during training; each company makes different choices about how to train and what to build into its app,TAUGHT,0:46.82-1:00.48,"""The big three AI apps work the same way. They all rely on AI models that learn patterns during training, but each company makes distinct choices about how to train those models, what to build into their app, and how the system acts when it isn't sure."" (the not-sure clause is moved from the effects list into the choices list; meaning preserved)"
your-home-base,course-assets/your-home-base/your-home-base.mp4,teaching point,4,"Those choices shape how each app feels, what it's good at, how it acts when not sure; underneath, a different core philosophy",TAUGHT,1:01.08-1:12.14,"""Those choices determine how each app feels, what specific tasks it excels at, and how it behaves. Underneath the interface, each one is built around a different core philosophy."""
your-home-base,course-assets/your-home-base/your-home-base.mp4,teaching point,5,"Board 1 ChatGPT, the Anything Box: one general-purpose app for a wide range of tasks; ask questions, create things, get help with your work; OpenAI asks: How do we put capable AI in everyone's hands?",RICH,1:16.20-1:34.62,"""We can think of ChatGPT as the anything box. It acts as one general purpose AI app designed for a wide range of tasks. You ask questions, create things, and get help with your daily work. This comes directly from OpenAI's driving question. How do we put capable AI in everyone's hands?"""
your-home-base,course-assets/your-home-base/your-home-base.mp4,teaching point,6,"Board 1 Claude, the Thinking Partner: assistant for thinking through ideas and difficult tasks; Anthropic emphasizes safety and how its AI behaves; asks: How do we build powerful AI we can actually trust?",RICH,1:35.44-1:51.50,"""Claude acts as the thinking partner. It functions specifically as an assistant for working through complex ideas and difficult multi-step tasks. Anthropic places a strong emphasis on safety and predictable behavior, asking, how do we build powerful AI we can actually trust?"""
your-home-base,course-assets/your-home-base/your-home-base.mp4,teaching point,7,"Board 1 Gemini, Built Into Google: Google's assistant, useful when your work connects to Google tools you already use; Google asks: How do we put AI inside the tools people already use?",RICH,1:52.28-2:09.36,"""Gemini takes a different approach. It acts as the AI assistant built directly into Google. Its main advantage shows up when your work connects to the Google tools you already use on a daily basis. Google's guiding question focuses on integration. How do we put AI inside the tools people already use?"""
your-home-base,course-assets/your-home-base/your-home-base.mp4,teaching point,8,"Each app has its own strengths, but plenty of overlap in what they can do",TAUGHT,2:10.00-2:16.88,"""Each app has distinct strengths born from these specific philosophies, but you will find massive overlap in what they can accomplish day to day."""
your-home-base,course-assets/your-home-base/your-home-base.mp4,teaching point,9,Honest answer: any of the three can do the job for most of what you'll do; don't agonize; no single best app; best today might not be best tomorrow,RICH,2:17.30-2:26.86,"""Because of this overlap, any of the three tools will do the job for most tasks. Do not agonize over the choice. There is no single best app, and what is best today might change by next week."" (""if it is available to you"" clause not spoken; the age gate follows immediately, so nothing is lost)"
your-home-base,course-assets/your-home-base/your-home-base.mp4,teaching point,10,Claude currently requires users to be 18; included because knowing your options matters even before you can use them,RICH,2:27.46-2:34.54,"""Claude currently requires users to be at least 18 years old. We still cover it because knowing your options matters, even before you can access them."""
your-home-base,course-assets/your-home-base/your-home-base.mp4,teaching point,11,"For this course ChatGPT is your home base; learn it well: settings, features, quirks; knowing one deeply beats dabbling in all three",RICH,2:35.14-2:44.42,"""For this course, chat GPT is your designated home base. Learn it deeply, its settings, its features, its quirks. Knowing one app thoroughly beats shallow dabbling in all three."""
your-home-base,course-assets/your-home-base/your-home-base.mp4,teaching point,12,"Board 2 content: three workstations, pick one and learn it deeply; the skills transfer, the app is where you practice them",TAUGHT,2:35.14-2:44.42 + 3:48.24-3:54.06,"Pick-one/learn-deeply spoken under the home-base beat (""chat GPT is your designated home base. Learn it deeply""); the skills-transfer half arrives as the verbatim close (""The skills transfer. The app is just where you practice them."") rather than under the board. Idea reaches the viewer in full."
your-home-base,course-assets/your-home-base/your-home-base.mp4,teaching point,13,"Power move: ask the same question in a second app; may catch something missed or suggest a different approach; if they disagree, investigate; agreement doesn't guarantee they're right",RICH,2:44.94-3:03.20,"""Later, you can try a specific strategy. Ask a second app the exact same question. It might catch a detail the first app missed or suggest a completely different approach to the problem. If the two apps disagree, you have something to investigate. But keep in mind, even if they agree perfectly, that does not guarantee they are right."""
your-home-base,course-assets/your-home-base/your-home-base.mp4,teaching point,14,"Real-world example intro: several AI apps helped build this course; sometimes different apps for different jobs, sometimes the same job",TAUGHT,3:04.14-3:16.18,"""To see how this looks in practice, multiple AI apps actually helped build this very course. We dynamically assigned different apps to different jobs, and sometimes we use them collaboratively for the exact same task."" (meaning intact; wording drifts formal, see EDITING NOTES)"
your-home-base,course-assets/your-home-base/your-home-base.mp4,teaching point,15,"Board 3 ChatGPT column: ideas and improvements; brainstorming TRY ITs and LABs, reviewing lessons; writing code and helping edit videos",RICH,3:22.70-3:31.64,"""We use chat GPT for ideas and improvements, specifically for brainstorming triates [TRY ITs] and labs, reviewing lessons, writing code, and helping edit videos."""
your-home-base,course-assets/your-home-base/your-home-base.mp4,teaching point,16,Board 3 Claude column: building and design; writing code with Claude Code; styling pages with Claude Design,RICH,3:32.32-3:39.02,"""Claude handled building and design. We relied on it for writing code with Claude code and styling pages with Claude design."""
your-home-base,course-assets/your-home-base/your-home-base.mp4,teaching point,17,Board 3 Gemini column: information and videos; finding current information with Gemini; creating lesson videos with Gemini Notebook,RICH,3:39.82-3:47.48,"""Finally, Gemini managed information and videos. We used it for finding current information and creating lesson videos with Gemini Notebook."""
your-home-base,course-assets/your-home-base/your-home-base.mp4,teaching point,18,Takeaway: the two closing lines,RICH,3:48.24-3:54.06,"""Pick a home base, learn it deeply. The skills transfer. The app is just where you practice them."" Nothing spoken after 3:54.06; file ends 3:58.93."
your-home-base,course-assets/your-home-base/your-home-base.mp4,hard requirement,1,Name all three apps with their companies,MET,0:05.30-0:12.16,"""ChatGPT from OpenAI, Claude from Anthropic, and Gemini from Google"""
your-home-base,course-assets/your-home-base/your-home-base.mp4,hard requirement,2,Tell the In-N-Out and McDonald's comparison as written,MET,0:21.60-0:46.04,"Told in full; only wording drift is ""what a restaurant should be"" for ""what a burger place should be"" and ""made fresh to order"" for ""made fresh"""
your-home-base,course-assets/your-home-base/your-home-base.mp4,hard requirement,3,"Teach by name: ""ChatGPT the Anything Box""",MET,1:16.20-1:17.82,"""We can think of ChatGPT as the anything box"""
your-home-base,course-assets/your-home-base/your-home-base.mp4,hard requirement,4,"Teach by name: ""Claude the Thinking Partner""",MET,1:35.44-1:37.20,"""Claude acts as the thinking partner"""
your-home-base,course-assets/your-home-base/your-home-base.mp4,hard requirement,5,"Teach by name: ""Gemini Built Into Google""",MET,1:54.52-1:57.32,"""It acts as the AI assistant built directly into Google"" (label carried with one inserted word, ""directly"")"
your-home-base,course-assets/your-home-base/your-home-base.mp4,hard requirement,6,"What each app is and the question each company asks, spoken as written (three questions)",MET,1:32.02 / 1:48.04 / 2:06.42,"""How do we put capable AI in everyone's hands?"" / ""how do we build powerful AI we can actually trust?"" / ""How do we put AI inside the tools people already use?"" all verbatim"
your-home-base,course-assets/your-home-base/your-home-base.mp4,hard requirement,7,Say the honest answer: any of the three can do the job,MET,2:17.30-2:20.84,"""Because of this overlap, any of the three tools will do the job for most tasks."" (the words ""honest answer"" are not spoken; the answer is)"
your-home-base,course-assets/your-home-base/your-home-base.mp4,hard requirement,8,Say Claude requires users to be 18,MET,2:27.46-2:30.30,"""Claude currently requires users to be at least 18 years old."""
your-home-base,course-assets/your-home-base/your-home-base.mp4,hard requirement,9,Say ChatGPT is the home base for this course; knowing one deeply beats dabbling in three,MET,2:35.14-2:44.42,"""For this course, chat GPT is your designated home base... Knowing one app thoroughly beats shallow dabbling in all three."""
your-home-base,course-assets/your-home-base/your-home-base.mp4,hard requirement,10,Teach the power move of asking a second app,MET,2:44.94-3:03.20,"""Ask a second app the exact same question... If the two apps disagree, you have something to investigate... even if they agree perfectly, that does not guarantee they are right."""
your-home-base,course-assets/your-home-base/your-home-base.mp4,hard requirement,11,"Teach how we used the big three, all three columns",MET,3:22.70-3:47.48,ChatGPT / Claude / Gemini columns each read with their sub-items
your-home-base,course-assets/your-home-base/your-home-base.mp4,hard requirement,12,"Never ask the viewer to pause, guess, or answer; questions answered in the next breath",MET,0:19.42-0:23.12,"""why does it matter which one you pick? Think about it like a burger place."" No other question left open"
your-home-base,course-assets/your-home-base/your-home-base.mp4,hard requirement,13,"Banned words absent (leverage, methodology, framework, capabilities, operational, workflow, optimize, strategic)",MET,whole file,"None spoken. Nearest neighbor is ""a specific strategy"" at 2:44.94-2:46.68 (not ""strategic""); see EDITING NOTES for other formal words"
your-home-base,course-assets/your-home-base/your-home-base.mp4,hard requirement,14,"Open directly on the lesson's first idea; no title card, welcome, or preview",MET,0:00.00,"""When you sit down to use AI, your first decision is which app to open."""
your-home-base,course-assets/your-home-base/your-home-base.mp4,hard requirement,15,"Closing line 1 verbatim: ""Pick a home base. Learn it deeply.""",MET,3:48.24-3:50.34,"""Pick a home base, learn it deeply."" (transcriber comma; the pause between the two sentences cannot be confirmed by ear)"
your-home-base,course-assets/your-home-base/your-home-base.mp4,hard requirement,16,"Closing line 2 verbatim: ""The skills transfer. The app is just where you practice them."" with nothing after",MET,3:51.04-3:54.06,"""The skills transfer. The app is just where you practice them."" No narration after 3:54.06"
your-home-base,course-assets/your-home-base/your-home-base.mp4,hard requirement,17,Board 2 (Pick a Home Base) narration in one uninterrupted span,MET,2:35.14-2:44.42,Three sentences with gaps of 0.54 s and 0.58 s; nothing intervenes
your-home-base,course-assets/your-home-base/your-home-base.mp4,hard requirement,18,"No production markers spoken (board numbers, filenames, ""Teaching content""); TRY IT not narrated",MET,whole file,"Narrator says ""This board breaks down..."" (1:13.16) and ""This infographic details..."" (3:16.18) without numbers or filenames; TRY IT absent"
your-home-base,course-assets/your-home-base/your-home-base.mp4,source_qa,1,Lesson source check,,,"PASS — No material error or contradiction in the live page. Page and Markdown differ only in framing: the page opens the real-world example with ""Hi. This is Nate and Luke again."" (not in lessons/which-app.md; not a teaching point, and the Notebook narrator should not claim to be Nate and Luke) and the page shows the Home Base board before the ""For this course, ChatGPT is your hands-on home base"" paragraph while the Markdown places it after. Neither changes what a student learns."
your-home-base,course-assets/your-home-base/your-home-base.mp4,addition,1,"""Because of this overlap, any of the three tools will do the job"" (2:17.30) links the overlap sentence to the honest answer with a causal connective the page lacks; accurate, small, worth considering as a lesson edit",,2:17.30-2:20.84,
your-home-base,course-assets/your-home-base/your-home-base.mp4,addition,2,"""safety and predictable behavior"" (1:44.06-1:47.60) as a paraphrase of ""safety and how its AI behaves""; accurate, arguably clearer",,1:44.06-1:47.60,
your-home-base,course-assets/your-home-base/your-home-base.mp4,addition,3,"""how the system acts when it isn't sure"" recast as one of the company's choices (0:58.50-1:00.48) rather than an effect of them; neutral restructure, not an error",,0:58.50-1:00.48,
your-home-base,course-assets/your-home-base/your-home-base.mp4,addition,4,"""complex ideas and difficult multi-step tasks"" (1:39.76-1:43.30) adds ""complex"" and ""multi-step"" to the Claude description; harmless",,1:39.76-1:43.30,
your-home-base,course-assets/your-home-base/your-home-base.mp4,editing note,1,"Voice drift toward formal language, none on the banned list: ""operates on"" 0:31.98, ""maximum speed, massive scale... exactly identical"" 0:39.72-0:46.04, ""excels at"" 1:05.74, ""Underneath the interface"" 1:08.48, ""functions specifically"" 1:38.00, ""focuses on integration"" 2:03.32, ""designated home base"" 2:36.86, ""a specific strategy"" 2:44.94, ""dynamically assigned"" 3:09.80, ""collaboratively"" 3:14.24, ""This infographic details a specific breakdown"" 3:16.18, ""utilized"" 3:20.74. Meaning is intact everywhere; this is tone, not a failure.",,various,
your-home-base,course-assets/your-home-base/your-home-base.mp4,editing note,2,"OPTIONAL trim: cut 3:16.18-3:21.96, ""This infographic details a specific breakdown of how the big three were utilized behind the scenes."" (5.8 s). It is a board-pointer sentence carrying two of the formal words. Join ""...for the exact same task."" (ends 3:16.18) to ""We use chat GPT for ideas..."" (starts 3:22.70; 0.74 s natural gap). Same file, same voice; needs a listening check at the seam. Not required for the verdict.",,3:16.18-3:21.96,
your-home-base,course-assets/your-home-base/your-home-base.mp4,editing note,3,"Harmless compression: ""All three can chat, write code, and answer questions"" (0:13.06) merges the page's four abilities (""chat, write, code, and answer questions"") into three by fusing write and code. Not an error; no fix needed.",,0:13.06-0:15.76,
your-home-base,course-assets/your-home-base/your-home-base.mp4,editing note,4,"Harmless compression: ""if it is available to you"" is dropped from the honest answer (2:17.30); the Claude 18+ line follows at 2:27.46 and carries the same caveat.",,2:17.30-2:26.86,
your-home-base,course-assets/your-home-base/your-home-base.mp4,editing note,5,"Markdown vs page: lessons/which-app.md omits the page's ""Hi. This is Nate and Luke again."" opener to the real-world example. That is framing for the page's student narrators, not a teaching point, and the Notebook voice should not speak it; not treated as a materials bug. Owner may confirm.",,n/a,
your-home-base,course-assets/your-home-base/your-home-base.mp4,editing note,6,"Board 2 span (2:35.50-2:47.50 per board-spans.txt) covers the home-base beat (2:35.14-2:44.42) and runs into the first 2.5 s of the power-move beat; visual placement only, left to the hold/stroke review.",,2:35.50-2:47.50,
your-home-base,course-assets/your-home-base/your-home-base.mp4,editing note,7,"Transcript renders ""triates"" at 3:27.16; almost certainly the narrator saying ""TRY ITs"". If it was mispronounced, the fix is a listening call, not a narration failure (the board prints the term).",,3:27.16-3:27.68,
questions-matter,course-assets/questions-matter/questions-matter.mp4,teaching point,1,Hook: AI can help with all kinds of work; getting useful help starts with knowing what to ask,TAUGHT,0:00.00-0:06.70,"AI can help with almost any kind of work, but to actually get useful help from it, you have to know what to ask."
questions-matter,course-assets/questions-matter/questions-matter.mp4,teaching point,2,"For decades technology made answers easier to get; less time chasing an answer, more time asking the right question",TAUGHT,0:08.44-0:18.08,"For decades, technology has steadily reduced the friction of getting answers, and the less time we spend chasing a fact, the more time we have to spend framing the actual question. / paraphrase, meaning holds"
questions-matter,course-assets/questions-matter/questions-matter.mp4,teaching point,3,"One example makes it click: a school research assignment across your grandparents, your parents, and you",THIN,0:18.08-0:19.48,"not spoken; roll jumps from the decades line to 'In the library era'. Words 'research assignment', 'grandparents', 'parents' occur nowhere in the file. Setup beat; no understanding lost"
questions-matter,course-assets/questions-matter/questions-matter.mp4,teaching point,4,"Board 1 Library: travel there, search the catalog, track down books, take notes by hand; half a Saturday",RICH,0:19.48-0:30.84,"In the library era, getting an answer meant traveling to a building, searching a physical catalog, tracking down books, and taking notes by hand. That process easily took half a Saturday."
questions-matter,course-assets/questions-matter/questions-matter.mp4,teaching point,5,"Board 1 Search: run searches, open tabs, judge which sites to trust, copy the useful pieces; an hour or two",RICH,0:32.10-0:43.24,"Then came the search era. You ran queries, opened a dozen tabs, judged which sites to trust, and copied the useful pieces. Finding the answer dropped to an hour or two."
questions-matter,course-assets/questions-matter/questions-matter.mp4,teaching point,6,"Board 1 AI: open the app, ask, the answer appears on your screen; seconds",RICH,0:44.18-0:49.92,"Now we have AI. You open an app, type a prompt, and the answer appears on your screen in seconds."
questions-matter,course-assets/questions-matter/questions-matter.mp4,teaching point,7,"Half a day, then an hour, now seconds; answers became cheap to get",TAUGHT,0:50.98-0:56.58,"Half a day, then an hour, now seconds. Technology has made getting answers incredibly cheap / lesson says AI; harmless widening"
questions-matter,course-assets/questions-matter/questions-matter.mp4,teaching point,8,That does not make humans less valuable; it changes where value lives,RICH,0:57.84-1:02.38,but that does not make human effort less valuable. It just changes where our value lives.
questions-matter,course-assets/questions-matter/questions-matter.mp4,teaching point,9,"Board 2 Pre-AI: finding a good answer took work; where to look, what to trust, what mattered",TAUGHT,1:03.86-1:10.64,"Before AI, the sheer work of locating a good answer was valuable. You had to know where to look and what to trust. / drops 'and what mattered'"
questions-matter,course-assets/questions-matter/questions-matter.mp4,teaching point,10,Board 2 With AI: asking the right question; answer in seconds; you still decide which questions to ask and whether the answer helps,TAUGHT,1:11.46-1:19.08,"With AI, the answer is instant. The hard part is deciding which questions to ask, and judging whether the output actually solves your problem."
questions-matter,course-assets/questions-matter/questions-matter.mp4,teaching point,11,Board 2 takeaway: Answers got cheap. Questions didn't.,RICH,1:23.02-1:25.38,Answers got cheap. Questions didn't.
questions-matter,course-assets/questions-matter/questions-matter.mp4,teaching point,12,Asking good questions is one of humanity's oldest skills,TAUGHT,1:25.96-1:29.40,Asking good questions is one of humanity's oldest and most tested skills.
questions-matter,course-assets/questions-matter/questions-matter.mp4,teaching point,13,Socrates taught by doing almost nothing but asking,RICH,1:30.64-1:38.40,Socrates taught his students by doing almost nothing but asking questions. He forced them to examine their own assumptions rather than simply handing them conclusions.
questions-matter,course-assets/questions-matter/questions-matter.mp4,teaching point,14,Scientific method doesn't start with an answer; it starts with a question worth testing,TAUGHT,1:39.76-1:44.00,The scientific method works the same way. It starts with a precise question worth testing. / 'doesn't start with an answer' contrast dropped
questions-matter,course-assets/questions-matter/questions-matter.mp4,teaching point,15,55 minutes line,RICH,1:44.88-1:50.66,"As the famous saying goes, if you have an hour to save the world, spend the first 55 minutes finding the right question."
questions-matter,course-assets/questions-matter/questions-matter.mp4,teaching point,16,"What separates a good question from a weak one? Four qualities, none of them mention AI",TAUGHT,1:51.96-1:58.12,"So what separates a strong question from a weak one? There are four specific qualities, and none of them actually rely on AI. / answered in next breath"
questions-matter,course-assets/questions-matter/questions-matter.mp4,teaching point,17,"Open-Minded: haven't picked the answer in advance; a leading question isn't research, it's a request for backup",RICH,2:05.12-2:12.00,"First, open-minded. You haven't picked the answer in advance. A leading question isn't research. It's a request for backup."
questions-matter,course-assets/questions-matter/questions-matter.mp4,teaching point,18,Open-Minded weak question,RICH,2:14.84-2:17.64,Homework doesn't help students learn. Can you help me prove it? / verbatim
questions-matter,course-assets/questions-matter/questions-matter.mp4,teaching point,19,Open-Minded better question,RICH,2:19.94-2:22.50,What does the research actually say about homework and learning? / verbatim
questions-matter,course-assets/questions-matter/questions-matter.mp4,teaching point,20,Specific: give enough detail about your situation to get an answer that fits,RICH,2:23.52-2:28.18,"Second, specific. Give enough detail about your situation to get an answer that fits."
questions-matter,course-assets/questions-matter/questions-matter.mp4,teaching point,21,Specific weak question,RICH,2:30.56-2:31.62,how do I get better at sports? / verbatim
questions-matter,course-assets/questions-matter/questions-matter.mp4,teaching point,22,Specific better question,RICH,2:34.60-2:39.72,I play basketball as a point guard. Sometimes I lose the ball against pressure. What drills fix that? / verbatim
questions-matter,course-assets/questions-matter/questions-matter.mp4,teaching point,23,On Target: ask about the problem you actually need to solve; the first question that comes to mind might miss it,RICH,2:55.02-3:01.68,Third is on target. Ask about the problem you actually need to solve. The first question that comes to mind might miss it.
questions-matter,course-assets/questions-matter/questions-matter.mp4,teaching point,24,On Target weak question,RICH,3:03.50-3:05.86,what energy drinks work best for staying awake in class? / verbatim
questions-matter,course-assets/questions-matter/questions-matter.mp4,teaching point,25,On Target better question,RICH,3:09.00-3:15.10,"I keep falling asleep in first period. Even when the class is interesting, what could be making me so tired and what can I change? / words verbatim; ASR punctuation splits after 'first period'"
questions-matter,course-assets/questions-matter/questions-matter.mp4,teaching point,26,"Open-Ended: invite an explanation, not just a yes or no; leave room for an answer you didn't expect",RICH,3:16.58-3:22.58,"Finally, open-ended. Invite an explanation. Not just a yes or no. Leave room for an answer you didn't expect."
questions-matter,course-assets/questions-matter/questions-matter.mp4,teaching point,27,Open-Ended weak question,RICH,3:25.06-3:25.96,should I join the debate team? / verbatim
questions-matter,course-assets/questions-matter/questions-matter.mp4,teaching point,28,Open-Ended better question,RICH,3:29.12-3:32.48,what would joining debate add to my week and what would I have to give up for it? / verbatim
questions-matter,course-assets/questions-matter/questions-matter.mp4,teaching point,29,Closing line 1,RICH,3:33.42-3:35.06,Answers got cheap. Questions didn't.
questions-matter,course-assets/questions-matter/questions-matter.mp4,teaching point,30,Closing line 2,RICH,3:36.02-3:38.28,Frame the problem. Ask the next better question.
questions-matter,course-assets/questions-matter/questions-matter.mp4,hard requirement,1,Open with getting useful help starts with knowing what to ask; no title card/welcome/preview,MET,0:03.14-0:06.70,"to actually get useful help from it, you have to know what to ask"
questions-matter,course-assets/questions-matter/questions-matter.mp4,hard requirement,2,"Walk three generations: library/half a Saturday, search/an hour or two, AI/seconds",MET,0:19.48-0:49.92,"half a Saturday (0:30.38) / an hour or two (0:42.62) / in seconds (0:49.58) / note: 'research assignment' and 'grandparents, parents, you' not named"
questions-matter,course-assets/questions-matter/questions-matter.mp4,hard requirement,3,Say answers became cheap to get,MET,0:54.08-0:56.58,"Technology has made getting answers incredibly cheap / also 1:23.02 Answers got cheap. / substance, not exact phrase"
questions-matter,course-assets/questions-matter/questions-matter.mp4,hard requirement,4,Say this does not make humans less valuable,MET,0:57.84-0:59.68,that does not make human effort less valuable
questions-matter,course-assets/questions-matter/questions-matter.mp4,hard requirement,5,Say it changes where value lives,MET,1:00.76-1:02.38,It just changes where our value lives.
questions-matter,course-assets/questions-matter/questions-matter.mp4,hard requirement,6,Teach both sides of the value board,MET,1:03.86-1:19.08,"Before AI, the sheer work of locating a good answer was valuable... / With AI, the answer is instant. The hard part is deciding which questions to ask..."
questions-matter,course-assets/questions-matter/questions-matter.mp4,hard requirement,7,Tell Socrates,MET,1:30.64-1:33.60,Socrates taught his students by doing almost nothing but asking questions.
questions-matter,course-assets/questions-matter/questions-matter.mp4,hard requirement,8,Tell the scientific method,MET,1:39.76-1:44.00,The scientific method works the same way. It starts with a precise question worth testing.
questions-matter,course-assets/questions-matter/questions-matter.mp4,hard requirement,9,Tell the 55 minutes line,MET,1:44.88-1:50.66,"if you have an hour to save the world, spend the first 55 minutes finding the right question"
questions-matter,course-assets/questions-matter/questions-matter.mp4,hard requirement,10,"Teach all four qualities by name: Open-Minded, Specific, On Target, Open-Ended",MET,2:05.40 / 2:24.32 / 2:55.70 / 2:56.84,open-minded / specific / on target / open-ended (also previewed in pairs at 2:02.40 and 2:52.80)
questions-matter,course-assets/questions-matter/questions-matter.mp4,hard requirement,11,"Open-Minded weak, word for word",MET,2:14.84-2:17.64,Homework doesn't help students learn. Can you help me prove it?
questions-matter,course-assets/questions-matter/questions-matter.mp4,hard requirement,12,"Open-Minded better, word for word",MET,2:19.94-2:22.50,What does the research actually say about homework and learning?
questions-matter,course-assets/questions-matter/questions-matter.mp4,hard requirement,13,"Specific weak, word for word",MET,2:30.56-2:31.62,how do I get better at sports?
questions-matter,course-assets/questions-matter/questions-matter.mp4,hard requirement,14,"Specific better, word for word",MET,2:34.60-2:39.72,I play basketball as a point guard. Sometimes I lose the ball against pressure. What drills fix that?
questions-matter,course-assets/questions-matter/questions-matter.mp4,hard requirement,15,"On Target weak, word for word",MET,3:03.50-3:05.86,what energy drinks work best for staying awake in class?
questions-matter,course-assets/questions-matter/questions-matter.mp4,hard requirement,16,"On Target better, word for word",MET,3:09.00-3:15.10,"I keep falling asleep in first period, even when the class is interesting, what could be making me so tired and what can I change?"
questions-matter,course-assets/questions-matter/questions-matter.mp4,hard requirement,17,"Open-Ended weak, word for word",MET,3:25.06-3:25.96,should I join the debate team?
questions-matter,course-assets/questions-matter/questions-matter.mp4,hard requirement,18,"Open-Ended better, word for word",MET,3:29.12-3:32.48,what would joining debate add to my week and what would I have to give up for it?
questions-matter,course-assets/questions-matter/questions-matter.mp4,hard requirement,19,Never ask viewer to pause/guess/answer; answer a posed question in the next breath,MET,1:51.96-1:54.90,So what separates a strong question from a weak one? There are four specific qualities...
questions-matter,course-assets/questions-matter/questions-matter.mp4,hard requirement,20,"Banned words absent (leverage, methodology, framework, capabilities, operational, workflow, optimize, strategic)",MET,0:00.00-3:38.28,none occur in the transcript
questions-matter,course-assets/questions-matter/questions-matter.mp4,hard requirement,21,Board 1 narration in one uninterrupted span,MET,0:19.48-1:02.38,continuous; real board on screen 0:08.00-1:04.00
questions-matter,course-assets/questions-matter/questions-matter.mp4,hard requirement,22,Do not speak production markers; do not narrate the TRY IT,MET,0:00.00-3:38.28,none spoken; homework lab not narrated
questions-matter,course-assets/questions-matter/questions-matter.mp4,hard requirement,23,Closing line 1 verbatim,MET,3:33.42-3:35.06,Answers got cheap. Questions didn't.
questions-matter,course-assets/questions-matter/questions-matter.mp4,hard requirement,24,"Closing line 2 verbatim, in order, nothing after",MET,3:36.02-3:38.28,Frame the problem. Ask the next better question. / transcript ends; file runs to 3:42.93 (close board)
questions-matter,course-assets/questions-matter/questions-matter.mp4,hard requirement,25,Preserve board wording; do not describe artwork instead of teaching,MET,1:59.18-2:03.64 / 2:49.38-2:54.00,"This chart outlines the first two qualities... / Moving to the next graphic, we see the final two qualities... / name the qualities, not artwork; cut candidates"
questions-matter,course-assets/questions-matter/questions-matter.mp4,addition,1,Socrates extension,,1:34.78-1:38.40,He forced them to examine their own assumptions rather than simply handing them conclusions. / accurate; candidate lesson edit
questions-matter,course-assets/questions-matter/questions-matter.mp4,addition,2,Open-Minded + Specific synthesis,,2:40.02-2:48.42,"By providing exact details while keeping your mindset open, you stop the machine from feeding you generic advice, or just confirming what you already want to hear. / accurate; 'the machine' slightly off voice"
questions-matter,course-assets/questions-matter/questions-matter.mp4,addition,3,Filler bridge,,1:19.36-1:21.96,The modern reality is actually quite simple. / optional cut
questions-matter,course-assets/questions-matter/questions-matter.mp4,addition,4,Graphic-referencing transitions,,1:59.18-2:03.64 / 2:49.38-2:54.00,"This chart outlines the first two qualities of a good question, being open-minded and specific. / Moving to the next graphic, we see the final two qualities, being on target and open-ended. / optional cuts"
questions-matter,course-assets/questions-matter/questions-matter.mp4,addition,5,Minor embellishments,,0:35.16 / 0:47.08 / 1:28.92 / 1:02.94 / 1:44.88,a dozen tabs / type a prompt / most tested skills / precise question / As the famous saying goes / harmless
questions-matter,course-assets/questions-matter/questions-matter.mp4,source_qa,1,"Page and Markdown agree on every teaching point; Markdown lacks nothing the page teaches (page's hidden Board 1 list says 'card catalog'/'periodicals', Markdown follows the printed board, which is correct)",,,PASS
questions-matter,course-assets/questions-matter/questions-matter.mp4,editing note,1,No narration cut or move needed to ship (KEEP),,,optional cut only: 1:19.36-1:21.96 'The modern reality is actually quite simple.' whole beat between silences under value-lives board
questions-matter,course-assets/questions-matter/questions-matter.mp4,editing note,2,"THIN framing beat has no donor in this file; a future prompt could add: say the words 'research assignment' and 'your grandparents, your parents, and you'",,0:18.08-0:19.48,reroll item only if David wants the hook; not essential
questions-matter,course-assets/questions-matter/questions-matter.mp4,editing note,3,"Board spans: answers-faster 0:08.00-1:04.00 (56 s), value-lives 1:04.00-1:26.50; four-qualities boards in two short spans each, so Specific and Open-Ended quotes sit mostly under Notebook scenes",,0:08.00-3:24.00,hold/stroke covered by the separate visual review
questions-matter,course-assets/questions-matter/questions-matter.mp4,editing note,4,Two graphic-referencing transitions are whole beats between silences; keep or cut at David's call,,1:59.18-2:03.64 / 2:49.38-2:54.00,see additions
questions-matter,course-assets/questions-matter/questions-matter.mp4,editing note,5,Narration ends 3:38.28; file ends 3:42.93; confirm tail is the close board with no stray audio,,3:38.28-3:42.93,unverified by ear
art-of-prompting,course-assets/art-of-prompting/art-of-prompting.mp4,teaching point,1,Hook: Questions Matter callback (the skill is older than computers) and Socrates aimed every question at a person,TAUGHT,0:00.00-0:05.30,"""When Socrates asked his famous questions, he aimed every single one of them at a person."" / Socrates line verbatim; the Questions Matter name and ""older than computers"" bridge are not spoken (page bridge, not an essential idea)"
art-of-prompting,course-assets/art-of-prompting/art-of-prompting.mp4,teaching point,2,"A person meets your question halfway: teacher knows your class, friend knows last weekend",RICH,0:05.94-0:12.70,"""A person meets your question halfway. Your teacher already knows what class you're in. Your friend knows what happened last weekend."" / verbatim"
art-of-prompting,course-assets/art-of-prompting/art-of-prompting.mp4,teaching point,3,"With AI, don't assume it knows those details or will ask for them",RICH,0:13.48-0:17.54,"""An AI does not know those details, and you shouldn't assume it will ask for them."" / comparison intact; ""does not know"" is a hair flatter than the page's ""don't assume it knows"" (see EDITING NOTES)"
art-of-prompting,course-assets/art-of-prompting/art-of-prompting.mp4,teaching point,4,"Definition: asking AI good questions requires another skill, giving it the information and instructions it needs; that's prompting; a clear prompt helps AI understand the job and give a better answer",TAUGHT,0:18.16-0:25.68,"""Asking an AI good questions requires giving it the specific information and instructions it needs to do its job. We call that prompting."" / definition intact; ""another skill"" framing and the ""better answer"" payoff compressed into ""to do its job"""
art-of-prompting,course-assets/art-of-prompting/art-of-prompting.mp4,teaching point,5,"Start With a Good Question: you learned the four qualities, nothing about AI changes them, every strong prompt starts life as a good question",TAUGHT,0:26.42-0:28.34,"""A good question is always the foundation."" / ""always"" carries ""nothing about AI changes them""; the page's three-sentence paragraph is compressed to one line, then the four qualities are recited"
art-of-prompting,course-assets/art-of-prompting/art-of-prompting.mp4,teaching point,6,Board 1 footer: A good question is the foundation. Prompting adds the instructions.,RICH,0:26.42-0:30.40,"""A good question is always the foundation. Prompting adds the instructions."" / spoken before the four qualities instead of after them (board is on screen 0:27-0:55 for both); one added word, ""always"""
art-of-prompting,course-assets/art-of-prompting/art-of-prompting.mp4,teaching point,7,Open-Minded: you haven't picked the answer in advance,RICH,0:31.36-0:35.06,"""First, stay open-minded, meaning you haven't picked the answer in advance."""
art-of-prompting,course-assets/art-of-prompting/art-of-prompting.mp4,teaching point,8,Specific: it gives enough detail to get an answer that fits,RICH,0:35.80-0:39.54,"""It must be specific, providing enough detail to get an answer that fits."""
art-of-prompting,course-assets/art-of-prompting/art-of-prompting.mp4,teaching point,9,On Target: it asks about the right thing,TAUGHT,0:40.42-0:44.30,"""A good question is on target, asking about the actual problem."" / meaning preserved; board wording ""the right thing"" paraphrased"
art-of-prompting,course-assets/art-of-prompting/art-of-prompting.mp4,teaching point,10,Open-Ended: it leaves room for an answer you didn't expect,RICH,0:44.86-0:48.66,"""Finally, keep it open-ended, leaving room for an unexpected answer."""
art-of-prompting,course-assets/art-of-prompting/art-of-prompting.mp4,teaching point,11,Then Add Four Moves: packaging your question for AI comes down to four moves,RICH,0:49.14-0:58.12,"""To successfully package that question for AI, however, we use a specific framework of instructions, packaging your question for AI comes down to four specific moves."" / the idea is taught, but the first clause is a redundant run-on that carries the banned word ""framework"" (0:53.10)"
art-of-prompting,course-assets/art-of-prompting/art-of-prompting.mp4,teaching point,12,There are entire classes on writing prompts; you don't need one; you're not training to be a prompt engineer; you're learning to Be Smarter Than the Tool,TAUGHT,0:58.78-1:04.28,"""You don't need an entire class on prompt engineering to do this. You are simply learning to be smarter than the tool."" / ""here's the secret"" and ""not training to be a prompt engineer"" folded into one sentence; course title spoken"
art-of-prompting,course-assets/art-of-prompting/art-of-prompting.mp4,teaching point,13,Move 1 Share Your Situation: don't make AI guess what you're working on or who it's for; tell it,RICH,1:07.98-1:16.88,"""Move one is share your situation. Do not make the AI guess what you're working on, who you are or who the work is for. Tell it."""
art-of-prompting,course-assets/art-of-prompting/art-of-prompting.mp4,teaching point,14,Move 1 Include: who you are and who the work is for; what you're working on and why,TAUGHT,1:11.22-1:15.92,"""what you're working on, who you are or who the work is for"" / merged into the explanation; ""and why"" not spoken"
art-of-prompting,course-assets/art-of-prompting/art-of-prompting.mp4,teaching point,15,Move 1 Weak: What should my essay opening do?,RICH,1:17.54-1:20.44,"""Here is a weak prompt. What should my essay opening do?"" / verbatim (transcript spells ""week"")"
art-of-prompting,course-assets/art-of-prompting/art-of-prompting.mp4,teaching point,16,Move 1 Better: I'm a high school senior writing my Common App essay about how fixing cars with my dad taught me patience. What should the opening help the reader understand about me?,RICH,1:21.12-1:31.66,"""Compare that to a better approach. I'm a high school senior writing my common app essay about how fixing cars with my dad taught me patience. What should the opening help the reader understand about me?"" / verbatim"
art-of-prompting,course-assets/art-of-prompting/art-of-prompting.mp4,teaching point,17,"Move 2 Give It the Material: give AI the actual work you want help with, not just a description of it",RICH,1:32.48-1:44.68,"""Move two is give it the material. Give the AI the actual work you want help with, whether that is a draft, notes, an assignment rubric, specific numbers or sources, not just a description of it."""
art-of-prompting,course-assets/art-of-prompting/art-of-prompting.mp4,teaching point,18,"Move 2 Include: your draft, notes, assignment, or rubric; the numbers, source, or example it should use",TAUGHT,1:38.16-1:42.82,"""whether that is a draft, notes, an assignment rubric, specific numbers or sources"" / merged into the explanation; ""assignment, or rubric"" collapsed to ""assignment rubric""; ""example it should use"" not spoken"
art-of-prompting,course-assets/art-of-prompting/art-of-prompting.mp4,teaching point,19,Move 2 Weak: Help me improve my essay intro.,RICH,1:45.34-1:48.82,"""A weak version looks like this. Help me improve my essay intro."" / verbatim"
art-of-prompting,course-assets/art-of-prompting/art-of-prompting.mp4,teaching point,20,Move 2 Better: Here is my opening paragraph. Here is the essay question I'm answering. What is unclear or generic?,RICH,1:49.68-1:59.38,"""A better prompt provides the exact material. Here is my opening paragraph. Here is the essay question I'm answering. What is unclear or generic?"" / verbatim to the Markdown; the page's [paragraph]/[question] placeholders are production brackets, and the 1.2-1.4 s gaps at 1:53.48 and 1:56.60 sit where they would go"
art-of-prompting,course-assets/art-of-prompting/art-of-prompting.mp4,teaching point,21,Move 3 Describe the Answer You Want: tell AI what a good answer looks like,TAUGHT,2:17.34-2:28.10,"""Move three is describe the answer you want. You need to specify the format, like a table or a list, set limits on length and tone, and provide an example of what you expect."" / the one-line explanation is not spoken as such; the move name plus the include list carry it"
art-of-prompting,course-assets/art-of-prompting/art-of-prompting.mp4,teaching point,22,"Move 3 Include: the format (table, list, or steps); the limits (length, tone, what to skip); an example of what you want",TAUGHT,2:20.28-2:28.10,"""specify the format, like a table or a list, set limits on length and tone, and provide an example of what you expect"" / ""steps"" and ""what to skip"" not spoken"
art-of-prompting,course-assets/art-of-prompting/art-of-prompting.mp4,teaching point,23,Move 3 Weak: Write a caption for our lacrosse championship photo.,RICH,2:29.04-2:34.26,"""A weak prompt leaves this completely open. Write a caption for our lacrosse championship photo."" / verbatim"
art-of-prompting,course-assets/art-of-prompting/art-of-prompting.mp4,teaching point,24,"Move 3 Better: Write a caption for our team's photo after the lacrosse state championship. One sentence. No hashtags, no emojis, nothing corporate. Sound like a senior wrote it, not the school account.",RICH,2:35.04-2:48.20,"""Compare that to a better approach. Write a caption for our team's photo after the lacrosse state championship. One sentence, no hashtags, no emojis, nothing corporate. Sound like a senior wrote it, not the school account."" / verbatim"
art-of-prompting,course-assets/art-of-prompting/art-of-prompting.mp4,teaching point,25,Move 4 One Job at a Time: break big work into steps; review each part before asking AI to build on it,RICH,2:48.90-2:58.92,"""Move four is one job at a time. Break big work into distinct steps, and tell the AI exactly where to stop and wait for your review before building on it."" / explanation and the stop-and-wait include line taught together"
art-of-prompting,course-assets/art-of-prompting/art-of-prompting.mp4,teaching point,26,Move 4 Include: the next step you want help with; where AI should stop and wait for you,TAUGHT,2:54.40-2:58.92 and 3:09.34-3:11.58,"""tell the AI exactly where to stop and wait for your review"" / ""A better prompt isolates the immediate task."" / stop-and-wait spoken; ""the next step you want help with"" carried by ""isolates the immediate task"" and the better prompt itself"
art-of-prompting,course-assets/art-of-prompting/art-of-prompting.mp4,teaching point,27,"Move 4 Weak: Write me a 5-page paper on the Cold War with an outline, thesis, research, MLA citations, and a conclusion.",RICH,2:59.60-3:08.58,"""A weak approach asks for everything at once. Write me a five page paper on the Cold War with an outline, thesis, research, MLA citations, and a conclusion."" / verbatim"
art-of-prompting,course-assets/art-of-prompting/art-of-prompting.mp4,teaching point,28,Move 4 Better: Help me shape a strong thesis for a 5-page paper on how the space race reflected Cold War tensions. Let's work on the thesis first.,RICH,3:09.34-3:19.66,"""A better prompt isolates the immediate task. Help me shape a strong thesis for a five page paper on how the space race reflected Cold War tensions. Let's work on the thesis first."" / verbatim"
art-of-prompting,course-assets/art-of-prompting/art-of-prompting.mp4,teaching point,29,You don't need all of these every time (how much packaging does a prompt need?),TAUGHT,3:20.84-3:23.86,"""You don't need to apply this entire framework every single time."" / idea taught, but with the banned word ""framework"" (3:22.32); the page's question is answered directly without being posed, which the prompt allows"
art-of-prompting,course-assets/art-of-prompting/art-of-prompting.mp4,teaching point,30,"A quick factual question: none, just ask",RICH,3:24.44-3:27.94,"""A quick factual question requires zero packaging. You just ask it."""
art-of-prompting,course-assets/art-of-prompting/art-of-prompting.mp4,teaching point,31,"Real work, like an essay or a project: share your situation, give AI the material, describe the answer you want",RICH,3:28.52-3:36.26,"""Real work, like an essay or a project, requires sharing your situation, giving the tool your material, and describing the answer you want."""
art-of-prompting,course-assets/art-of-prompting/art-of-prompting.mp4,teaching point,32,A big project: work one job at a time,TAUGHT,3:36.90-3:43.68,"""And massive complex projects always require you to implement move four, breaking the process down one job at a time."" / meaning intact; ""massive complex projects always require you to implement"" inflates the page's plain ""A big project: work one job at a time"""
art-of-prompting,course-assets/art-of-prompting/art-of-prompting.mp4,teaching point,33,"Closing line 1: A prompt is a briefing, not magic words.",RICH,3:50.64-3:52.72,"""A prompt is a briefing, not magic words."" / verbatim"
art-of-prompting,course-assets/art-of-prompting/art-of-prompting.mp4,teaching point,34,"Closing line 2: The more the result matters, the more you bring.",RICH,3:53.50-3:55.58,"""The more the result matters, the more you bring."" / verbatim; also the page body's last sentence, spoken once here where it lands; nothing spoken after it (transcript ends 3:55.58, file runs to 4:00.30)"
art-of-prompting,course-assets/art-of-prompting/art-of-prompting.mp4,hard requirement,1,"Open with Socrates aiming every question at a person; no title card, welcome, or preview",MET,0:00.00-0:05.30,"""When Socrates asked his famous questions, he aimed every single one of them at a person."" / first words of the file"
art-of-prompting,course-assets/art-of-prompting/art-of-prompting.mp4,hard requirement,2,A person meets your question halfway; AI doesn't know those details,MET,0:05.94-0:17.54,"""A person meets your question halfway. ... An AI does not know those details, and you shouldn't assume it will ask for them."""
art-of-prompting,course-assets/art-of-prompting/art-of-prompting.mp4,hard requirement,3,Define prompting as giving AI the information and instructions it needs,MET,0:18.16-0:25.68,"""giving it the specific information and instructions it needs to do its job. We call that prompting."""
art-of-prompting,course-assets/art-of-prompting/art-of-prompting.mp4,hard requirement,4,"Restate the four qualities by name: Open-Minded, Specific, On Target, Open-Ended",MET,0:31.36-0:48.66,"""open-minded"" 0:32.12 / ""specific"" 0:36.32 / ""on target"" 0:41.40 / ""open-ended"" 0:45.82, each with its gloss"
art-of-prompting,course-assets/art-of-prompting/art-of-prompting.mp4,hard requirement,5,Say a good question is the foundation and prompting adds the instructions (board footer takeaway),MET,0:26.42-0:30.40,"""A good question is always the foundation. Prompting adds the instructions."" / one added word (""always""); spoken before the qualities rather than after"
art-of-prompting,course-assets/art-of-prompting/art-of-prompting.mp4,hard requirement,6,Say you don't need a prompting class; you're learning to Be Smarter Than the Tool,MET,0:58.78-1:04.28,"""You don't need an entire class on prompt engineering to do this. You are simply learning to be smarter than the tool."""
art-of-prompting,course-assets/art-of-prompting/art-of-prompting.mp4,hard requirement,7,"Four moves by name and in order: Share Your Situation, Give It the Material, Describe the Answer You Want, One Job at a Time",MET,1:07.98 / 1:32.48 / 2:17.34 / 2:48.90,"""Move one is share your situation."" / ""Move two is give it the material."" / ""Move three is describe the answer you want."" / ""Move four is one job at a time."""
art-of-prompting,course-assets/art-of-prompting/art-of-prompting.mp4,hard requirement,8,Each move with what to include,MET,1:11.22 / 1:38.16 / 2:20.28 / 2:54.40,"every move speaks most of its Include list; dropped sub-items: ""and why"" (M1), ""or example it should use"" (M2), ""steps"" and ""what to skip"" (M3), ""the next step you want help with"" (M4, carried by ""isolates the immediate task"")"
art-of-prompting,course-assets/art-of-prompting/art-of-prompting.mp4,hard requirement,9,Move 1 weak and better prompts word for word,MET,1:19.20-1:20.44 / 1:23.28-1:31.66,"""What should my essay opening do?"" / ""I'm a high school senior writing my common app essay about how fixing cars with my dad taught me patience. What should the opening help the reader understand about me?"""
art-of-prompting,course-assets/art-of-prompting/art-of-prompting.mp4,hard requirement,10,Move 2 weak and better prompts word for word,MET,1:47.38-1:48.82 / 1:52.22-1:59.38,"""Help me improve my essay intro."" / ""Here is my opening paragraph. Here is the essay question I'm answering. What is unclear or generic?"""
art-of-prompting,course-assets/art-of-prompting/art-of-prompting.mp4,hard requirement,11,Move 3 weak and better prompts word for word,MET,2:31.98-2:34.26 / 2:37.26-2:48.20,"""Write a caption for our lacrosse championship photo."" / ""Write a caption for our team's photo after the lacrosse state championship. One sentence, no hashtags, no emojis, nothing corporate. Sound like a senior wrote it, not the school account."""
art-of-prompting,course-assets/art-of-prompting/art-of-prompting.mp4,hard requirement,12,Move 4 weak and better prompts word for word,MET,3:02.44-3:08.58 / 3:12.18-3:19.66,"""Write me a five page paper on the Cold War with an outline, thesis, research, MLA citations, and a conclusion."" / ""Help me shape a strong thesis for a five page paper on how the space race reflected Cold War tensions. Let's work on the thesis first."""
art-of-prompting,course-assets/art-of-prompting/art-of-prompting.mp4,hard requirement,13,"Finish with how much packaging a prompt needs: quick question, real work, big project",MET,3:24.44-3:43.68,"""A quick factual question requires zero packaging. You just ask it. Real work ... And massive complex projects ... one job at a time."""
art-of-prompting,course-assets/art-of-prompting/art-of-prompting.mp4,hard requirement,14,"Never ask the viewer to pause, guess, answer, or work anything out; answer any posed question in the next breath",MET,whole file,"no pause/guess/answer ask anywhere; the page's ""How much packaging does a prompt need?"" is not posed, it is answered directly at 3:24.44"
art-of-prompting,course-assets/art-of-prompting/art-of-prompting.mp4,hard requirement,15,"Banned words: leverage, methodology, framework, capabilities, operational, workflow, optimize, strategic (and no formal/technical translation)",MISSED,0:53.10 and 3:22.32,"""we use a specific framework of instructions"" (0:49.14-0:54.06) / ""You don't need to apply this entire framework every single time."" (3:20.84-3:23.86) / no other listed word appears; formal-register drift also at 2:00.34-2:08.68 (""generic query"", ""highly personalized set of instructions""), 2:09.82-2:16.40 (""dictate"", ""output""), 3:36.90 (""implement"")"
art-of-prompting,course-assets/art-of-prompting/art-of-prompting.mp4,hard requirement,16,"Do not speak production markers (image filenames, board numbers, ""Teaching content"", ""Image file"")",MET,whole file,"none spoken; the engine does announce its visuals three times (""This graphic breaks down"" 1:04.92, ""This next infographic outlines"" 2:09.82, ""This graphic summarizes"" 3:44.30), which is chatter, not a marker"
art-of-prompting,course-assets/art-of-prompting/art-of-prompting.mp4,hard requirement,17,Do not narrate the TRY IT,MET,whole file,the live page has no TRY IT for this lesson; nothing of the kind is spoken
art-of-prompting,course-assets/art-of-prompting/art-of-prompting.mp4,hard requirement,18,"End by speaking the two closing lines exactly, in order, with nothing after",MET,3:50.64-3:55.58,"""A prompt is a briefing, not magic words."" / ""The more the result matters, the more you bring."" / no narration after 3:55.58 in the transcript"
art-of-prompting,course-assets/art-of-prompting/art-of-prompting.mp4,error,1,none,,,"no factual contradiction of the lesson; all numbers, names, and worked examples spoken as written"
art-of-prompting,course-assets/art-of-prompting/art-of-prompting.mp4,addition,1,"Weak/better framing glosses: ""A weak prompt leaves this completely open."" (2:29.04), ""A weak approach asks for everything at once."" (2:59.60), ""A better prompt isolates the immediate task."" (3:09.34), ""A better prompt provides the exact material."" (1:49.68)",,2:29.04 / 2:59.60 / 3:09.34 / 1:49.68,"accurate, brief, in voice; ""asks for everything at once"" is a candidate line for the Move 4 Weak label on the page"
art-of-prompting,course-assets/art-of-prompting/art-of-prompting.mp4,addition,2,"Summary bridge after Moves 1-2: ""These first two moves eliminate the AI's guess work. Providing your context and source material turns a generic query into a highly personalized set of instructions.""",,2:00.34-2:08.68,"accurate but outside the lesson and in formal register (""generic query"", ""highly personalized""); not a lesson-edit candidate as worded; optional cut"
art-of-prompting,course-assets/art-of-prompting/art-of-prompting.mp4,addition,3,"Transition into Moves 3-4: ""This next infographic outlines the final two moves, which dictate how the AI shapes and delivers its output.""",,2:09.82-2:16.40,"the shapes-vs-delivers split is a fair one-line frame but uses ""output"" and ""dictate""; weaker outside material, optional cut"
art-of-prompting,course-assets/art-of-prompting/art-of-prompting.mp4,addition,4,"Pre-close preamble: ""This graphic summarizes the final rule regarding the effort you put into a prompt versus the outcome you receive.""",,3:44.30-3:49.90,meta-narration about the close board; not in the lesson; recommended cut so the two closing lines land on their own
art-of-prompting,course-assets/art-of-prompting/art-of-prompting.mp4,source_qa,1,"Page alt text for Board 1 glosses Specific as ""it asks for exactly what you need""; the board image, the page's hidden text list, lessons/art-of-prompting.md, and Questions Matter all say ""It gives enough detail to get an answer that fits."" Non-blocking: correct the alt text to the board wording. Markdown matches the page otherwise (the Move 2 Better prompt drops the [paragraph]/[question] placeholders on purpose); nothing the page teaches is missing from the upload source.",,index.html line ~9063 alt attribute,Source QA PASS; the narration taught the canonical gloss (0:35.80)
art-of-prompting,course-assets/art-of-prompting/art-of-prompting.mp4,editing note,1,"REQUIRED cut A (banned word): remove 0:49.14-0:54.06 ""To successfully package that question for AI, however, we use a specific framework of instructions,"" whole clause between silences (gap 0:48.66-0:49.14 = 0.48 s before; 0:54.06-0:54.78 = 0.72 s after). Join: ""...leaving room for an unexpected answer."" -> ""Packaging your question for AI comes down to four specific moves."" Sits inside the Board 1 hold (0:27.00-0:55.00), so the picture is ours and only the audio seam is at risk; board leg shrinks ~4.9 s.",,0:49.14-0:54.06,"feasible; removes the run-on and the first ""framework"""
art-of-prompting,course-assets/art-of-prompting/art-of-prompting.mp4,editing note,2,"REQUIRED cut B (banned word): remove 3:20.84-3:23.86 ""You don't need to apply this entire framework every single time."" whole sentence (gap 3:19.66-3:20.84 = 1.18 s before; 3:23.86-3:24.44 = 0.58 s after). Join: ""Let's work on the thesis first."" -> ""A quick factual question requires zero packaging. You just ask it."" The three-tier answer that follows carries the ""you don't need all of these every time"" idea on its own. Under a Notebook scene, not a board (four-moves-continued leaves at 3:00.00; close enters 3:45.00): check the frames at 3:20-3:24 for a drawing that can absorb a ~3 s a/v cut without an orphan beat. No phrase-level alternative exists (cutting only ""to apply this entire framework"" leaves ""You don't need every single time"").",,3:20.84-3:23.86,feasible; David's alternative is to keep the sentence and accept one banned word
art-of-prompting,course-assets/art-of-prompting/art-of-prompting.mp4,editing note,3,"Optional trim 1 (engine chatter): 1:04.92-1:07.34 ""This graphic breaks down the first two of those moves."" under the four-moves board (1:05.00-1:21.50); join ""...smarter than the tool."" -> ""Move one is share your situation.""",,1:04.92-1:07.34,"safe, ~2.4 s"
art-of-prompting,course-assets/art-of-prompting/art-of-prompting.mp4,editing note,4,"Optional trim 2 (formal addition): 2:00.34-2:08.68 the moves 1-2 summary; under a Notebook scene, so only if the drawing tolerates it; join ""What is unclear or generic?"" -> next kept beat",,2:00.34-2:08.68,~8.3 s; not required
art-of-prompting,course-assets/art-of-prompting/art-of-prompting.mp4,editing note,5,"Optional trim 3 (chatter + ""output""): 2:09.82-2:16.40 ""This next infographic outlines the final two moves, which dictate how the AI shapes and delivers its output."" under the four-moves-continued board span (2:10.00-2:17.50); join -> ""Move three is describe the answer you want."" Recommended.",,2:09.82-2:16.40,"safe, ~6.6 s"
art-of-prompting,course-assets/art-of-prompting/art-of-prompting.mp4,editing note,6,"Optional trim 4 (pre-close preamble): 3:44.30-3:49.90 ""This graphic summarizes the final rule regarding the effort you put into a prompt versus the outcome you receive."" mostly under the close board (3:45.00-4:00.30); join ""...one job at a time."" -> ""A prompt is a briefing, not magic words."" Recommended so the close lines stand alone.",,3:44.30-3:49.90,"safe, ~5.6 s"
art-of-prompting,course-assets/art-of-prompting/art-of-prompting.mp4,editing note,7,"Wording notes, no action: 0:13.48 ""An AI does not know those details"" flattens the page's ""don't assume it knows"" (a student who later meets Customization & Memory will see AI can hold some details; the beat's point survives). 0:42.56 ""the actual problem"" for the board's ""the right thing"". 3:36.90 ""massive complex projects always require you to implement move four"" inflates ""A big project: work one job at a time."" 0:26.42 footer takeaway spoken before the four qualities rather than after (both under Board 1).",,0:13.48 / 0:42.56 / 3:36.90 / 0:26.42,harmless compression or paraphrase
art-of-prompting,course-assets/art-of-prompting/art-of-prompting.mp4,editing note,8,"Board 1 alt text on the page (""Specific means it asks for exactly what you need"") does not match the board or the Markdown; fix the alt to ""It gives enough detail to get an answer that fits."" Materials otherwise consistent; no Markdown gap.",,index.html ~9063,"page nit, not a video item"
art-of-prompting,course-assets/art-of-prompting/art-of-prompting.mp4,editing note,9,Runtime: narration ends 3:55.58; file runs to 4:00.30 (close hold). With both required cuts and all four optional trims the roll loses ~31 s.,,3:55.58-4:00.30,for the build sheet
context-window,course-assets/context-window/context-window.mp4,teaching point,1,"Hook: 2 + 2 on the phone calculator always gives 4; same input, same answer, every time; AI doesn't work that way",RICH,0:00.00-0:10.50,"""When you type 2 plus 2 on your phone's calculator, you always get 4. Same input, same answer, every time. But artificial intelligence doesn't work that way."""
context-window,course-assets/context-window/context-window.mp4,teaching point,2,Setup: identical questions asked to AI by two different people,TAUGHT,0:11.12-0:15.76,"""Consider this scenario. Two different people ask AI the exact same question."""
context-window,course-assets/context-window/context-window.mp4,teaching point,3,"The car question, word for word",RICH,0:16.62-0:18.70,"""What car should I buy after I graduate from college?"""
context-window,course-assets/context-window/context-window.mp4,teaching point,4,"Luke's ChatGPT response word for word: no strong preference, something versatile, Jeep Cherokee, compare price / reliability / insurance / fuel costs",RICH,0:19.76-0:32.84,"""When Luke asks, chatGPT responds, you haven't mentioned a strong vehicle preference, so I'd start with something versatile. A Jeep Cherokee could work well, but compare its price, reliability, insurance, and fuel costs before deciding."" (matches the board text; 'but' at 0:28.42 unverified by ear, see LISTENING)"
context-window,course-assets/context-window/context-window.mp4,teaching point,5,"Nate's ChatGPT response word for word: told me you love pickup trucks, Ford Raptor, matches your interests, price / insurance / fuel costs fit post-college budget",RICH,0:33.58-0:47.82,"""But when Nate types the exact same prompt into the same app, chatGPT responds, since you've told me you love pickup trucks, I'd consider a Ford Raptor. It matches your interests, but make sure its price, insurance, and fuel costs fit your post-college budget."""
context-window,course-assets/context-window/context-window.mp4,teaching point,6,Board 1 banner: Same question. Different context. Different answer.,RICH,0:48.56-0:51.12,"""Same question, different context, different answer."" (transcribed with commas; cadence unverified by ear)"
context-window,course-assets/context-window/context-window.mp4,teaching point,7,'Wait a second': Luke and Nate typed the exact same prompt into the same app and still got different answers,TAUGHT,0:12.96-0:15.76 / 0:33.58-0:36.82,"""Two different people ask AI the exact same question."" / ""But when Nate types the exact same prompt into the same app"" (the surprise is folded into the setup and Nate's lead-in rather than spoken as its own beat; the fact reaches the viewer)"
context-window,course-assets/context-window/context-window.mp4,teaching point,8,Some people see different answers as a reason not to trust AI; but different doesn't always mean wrong; answers vary for several reasons; here it used different information about Luke and Nate to tailor its answers; that's one of AI's strengths,THIN,0:51.80-0:53.08,"""Different doesn't always mean wrong."" is the only sentence of this paragraph spoken. The distrust reaction, 'several reasons', and 'one of AI's strengths' are not spoken. The tailoring idea is carried by the why-beat at 0:56.46-1:05.96 and by 'With the right context, AI gives better answers' at 0:53.72; the framing is lost. Known since the 9/21 review (roll 2 skipped it) and shipped without it on David's call."
context-window,course-assets/context-window/context-window.mp4,teaching point,9,"Big idea: with the right context, AI gives better answers; the rest is where that context comes from and how to take control of it",TAUGHT,0:53.72-0:56.10 / 1:48.86-1:55.32,"""With the right context, AI gives better answers."" The roadmap sentence is not spoken; ""Because we know exactly where the AI looks for information, you can intentionally load these areas to give the model a head start"" carries the take-control idea later."
context-window,course-assets/context-window/context-window.mp4,teaching point,10,Why did this happen: ChatGPT sees more than the last message; earlier in his chat Nate said he loves pickup trucks; it recognizes this and suggests the Ford Raptor,RICH,0:56.46-1:05.96,"""This happened because earlier in his chat, Nate said he loves pickup trucks. The AI recognized this past detail and used it to suggest the Ford Raptor."" (the 9/21 graft from roll 1)"
context-window,course-assets/context-window/context-window.mp4,teaching point,11,Context window defined: everything the model can see when it answers your question; think of it as working memory with a limit,RICH,1:06.50-1:16.40,"""What do you call everything the model can see when answering your question? It's called the context window. Think of the context window as working memory. It has a strict capacity limit"""
context-window,course-assets/context-window/context-window.mp4,teaching point,12,"Five sources named: your current prompt, earlier messages and answers, Personalization, Saved Memory, Projects (grouped as the board groups them)",RICH,1:20.96-1:41.44,"""This illustration shows the five specific sources that feed information into this working memory tray. Two of these come directly from your current active chat, the prompt you just typed, plus earlier messages and answers in that exact thread. The remaining three sources operate in the background, your personalization settings, saved memory, and specific projects."""
context-window,course-assets/context-window/context-window.mp4,teaching point,13,Tray line: the context window is the information available for this answer,TAUGHT,1:42.26-1:48.26,"""All these combined elements represent the totality of the information available for the AI to generate its current answer."" (formal register; meaning intact)"
context-window,course-assets/context-window/context-window.mp4,teaching point,14,Bridge: the illustration adds three new concepts; give AI a head start,TAUGHT,1:48.86-1:55.32,"""Because we know exactly where the AI looks for information, you can intentionally load these areas to give the model a head start."""
context-window,course-assets/context-window/context-window.mp4,teaching point,15,"Personalization: tell the app what you're into and how you like your answers; preferences help it give answers that fit you; example 'I'm learning to code. Explain things in plain language, and explain new coding terms.'",RICH,1:56.44-2:10.98,"""The first tool is personalization. This allows you to tell the app what you're into and how you prefer your answers formatted. For example, you can give it the instruction, I'm learning to code. Explain things in plain language and explain new coding terms."" ('answers that fit you' not spoken; 'formatted' slightly narrows 'how you like your answers')"
context-window,course-assets/context-window/context-window.mp4,teaching point,16,"Saved Memory: the app keeps useful details from your conversations for future chats; keeping notes about you and bringing them into the context window; example: you love pickup trucks, used when you ask about buying a vehicle",RICH,2:11.88-2:26.68,"""Next is saved memory. The app keeps useful details from your previous conversations and brings those notes into the context window for future chats. You mention that you love pickup trucks. The app saves that detail and uses it when you ask about buying a vehicle."" ('vehicle' is the 9/21 live-v3 graft; transcribes cleanly now)"
context-window,course-assets/context-window/context-window.mp4,teaching point,17,"Projects: keep instructions, files, chats for one piece of ongoing work together; start a chat inside and you won't have to explain again; example: summer job project with resume, places applied, interview-prep instructions",RICH,2:27.28-2:41.64,"""Finally, projects act as a dedicated space to bundle instructions, files, and ongoing chats together, so you don't have to repeatedly explain your work. A summer job project holds your resume, the places you've applied, and instructions for helping you prepare for interviews."" ('Start a chat inside the project' not spoken as such)"
context-window,course-assets/context-window/context-window.mp4,teaching point,18,Board 3 banner: You don't have to start from scratch every time you ask a question.,RICH,2:42.24-2:46.04,"""By setting these up, you don't have to start from scratch every time you ask a question."""
context-window,course-assets/context-window/context-window.mp4,teaching point,19,Bridge: that's what gets in; here's what doesn't get in automatically,TAUGHT,2:46.52-2:53.52,"""Now that we see exactly what feeds the memory, we also need to clearly outline what does not automatically get into the context window."""
context-window,course-assets/context-window/context-window.mp4,teaching point,20,Older chats: the model doesn't see every conversation you've had; the app has to bring relevant information into this one,RICH,2:54.28-3:02.48,"""Older chats are invisible. The model doesn't see every conversation you've had. The app has to bring relevant information into this specific one."""
context-window,course-assets/context-window/context-window.mp4,teaching point,21,"Web pages: the model needs information from the page, whether you share it or the app retrieves it",RICH,3:03.52-3:11.64,"""Web pages are invisible. The model needs information from the page, which means you must share the link or the app must actively retrieve it."" ('share the link' narrows 'share it'; not wrong)"
context-window,course-assets/context-window/context-window.mp4,teaching point,22,Files on your computer: a file sitting there isn't enough; upload it or give the app access,RICH,3:12.28-3:19.88,"""Files sitting on your computer are invisible. A local file isn't enough. You must upload it or grant the app access to read it."""
context-window,course-assets/context-window/context-window.mp4,teaching point,23,Other apps and tabs: having something open doesn't put it in the conversation; share it or connect the app,RICH,3:20.52-3:29.16,"""Other apps and tabs are invisible. Just having something open on your screen doesn't put it in the conversation. You need to actively share it or connect the app."""
context-window,course-assets/context-window/context-window.mp4,teaching point,24,"Board 4 banner: If it isn't in the context window, the model can't see it.",RICH,3:29.70-3:32.36,"""If it isn't in the context window, the model can't see it."""
context-window,course-assets/context-window/context-window.mp4,teaching point,25,The Forgetting Problem: deep in a long chat AI seems to forget; one reason is space; the window has a limit; as the conversation grows older parts can be shortened or left out,RICH,3:33.18-3:47.90,"""Have you ever been deep in a long chat, and the AI seems to completely forget something you told it earlier? The primary reason is space. Because the context window has a hard limit, older parts of the conversation can be shortened or left out entirely as the chat grows."" ('primary reason' is stronger than the page's 'One reason'; see ERRORS)"
context-window,course-assets/context-window/context-window.mp4,teaching point,26,"Fix 1: if an important detail gets lost, remind AI",RICH,3:48.64-3:55.24,"""If an important detail gets pushed out of the window, simply remind the AI to pull it back into the active conversation."""
context-window,course-assets/context-window/context-window.mp4,teaching point,27,"Fix 2: when starting a different task, start a fresh chat so it begins with a clean context",RICH,3:56.16-4:02.90,"""When you are starting a different task, start a fresh chat, so the new task begins with a completely clean context window."""
context-window,course-assets/context-window/context-window.mp4,teaching point,28,A fresh chat does not increase or reset the model's context-window limit (Markdown video-prep line; the page's paragraph does not carry it),RICH,4:03.40-4:13.52,"""Keep in mind, a fresh chat does not increase or reset the underlying context window limit of the model. It simply clears out the old data to make maximum room for the new."""
context-window,course-assets/context-window/context-window.mp4,teaching point,29,"Close line 1: With the right context, AI gives better answers.",RICH,4:14.50-4:17.08,"""Ultimately, with the right context, AI gives better answers."" (lead-in word before the line)"
context-window,course-assets/context-window/context-window.mp4,teaching point,30,"Close line 2: Control the context, control the quality. (final spoken words)",RICH,4:18.46-4:20.22,"""Control the context, control the quality."" Nothing spoken after; close board holds to 4:25.47."
context-window,course-assets/context-window/context-window.mp4,hard requirement,1,"""What car should I buy after I graduate from college?""",MET,0:16.62-0:18.70,spoken exactly
context-window,course-assets/context-window/context-window.mp4,hard requirement,2,"""Same question. Different context. Different answer.""",MET,0:48.56-0:51.12,"""Same question, different context, different answer."" (words exact; three-sentence cadence unverified by ear)"
context-window,course-assets/context-window/context-window.mp4,hard requirement,3,"""Different doesn't always mean wrong.""",MET,0:51.80-0:53.08,"spoken exactly, as its own sentence"
context-window,course-assets/context-window/context-window.mp4,hard requirement,4,"""With the right context, AI gives better answers.""",MET,0:53.72-0:56.10 / 4:14.50-4:17.08,"mid-lesson clean; at the close preceded by ""Ultimately,"""
context-window,course-assets/context-window/context-window.mp4,hard requirement,5,"""You don't have to start from scratch every time you ask a question.""",MET,2:42.24-2:46.04,"preceded by ""By setting these up,""; line itself exact"
context-window,course-assets/context-window/context-window.mp4,hard requirement,6,"""If it isn't in the context window, the model can't see it.""",MET,3:29.70-3:32.36,"spoken exactly, clean"
context-window,course-assets/context-window/context-window.mp4,hard requirement,7,"""Control the context, control the quality.""",MET,4:18.46-4:20.22,spoken exactly; final words of the file
context-window,course-assets/context-window/context-window.mp4,hard requirement,8,"Open on the 2 + 2 calculator and say AI doesn't work that way; no title card, welcome, or preview",MET,0:00.00-0:10.50,first words are the calculator line
context-window,course-assets/context-window/context-window.mp4,hard requirement,9,"Read the car question and both ChatGPT responses word for word, Luke's then Nate's, with every price / insurance / budget caution",MET,0:16.62-0:47.82,"both responses match the board text in order (Luke 0:19.76, Nate 0:33.58); every caution spoken"
context-window,course-assets/context-window/context-window.mp4,hard requirement,10,"Say why the answers differ: earlier in his chat, Nate said he loves pickup trucks",MET,0:56.46-1:00.60,"""This happened because earlier in his chat, Nate said he loves pickup trucks."""
context-window,course-assets/context-window/context-window.mp4,hard requirement,11,"Define the context window as everything the model can see when it answers, like working memory with a limit",MET,1:06.50-1:16.40,"""everything the model can see when answering your question ... the context window ... working memory ... a strict capacity limit"""
context-window,course-assets/context-window/context-window.mp4,hard requirement,12,Name all five sources from the board in one span,MET,1:26.96-1:41.44,"""the prompt you just typed, plus earlier messages and answers ... your personalization settings, saved memory, and specific projects"""
context-window,course-assets/context-window/context-window.mp4,hard requirement,13,"Teach Personalization, Saved Memory, and Projects, each with its complete example spoken",MET,1:56.44-2:41.64,"all three examples spoken in full (1:26.42, 2:20.12, 2:36.08)"
context-window,course-assets/context-window/context-window.mp4,hard requirement,14,Teach all four things outside the window and how each gets in (web page shared or retrieved; file uploaded or app given access),MET,2:54.28-3:29.16,"""share the link or the app must actively retrieve it"" / ""upload it or grant the app access"" / ""share it or connect the app"""
context-window,course-assets/context-window/context-window.mp4,hard requirement,15,"Teach the forgetting problem and both fixes: remind AI, and start a fresh chat for a different task",MET,3:33.18-4:02.90,"""simply remind the AI"" / ""start a fresh chat"""
context-window,course-assets/context-window/context-window.mp4,hard requirement,16,Say a fresh chat does not reset or enlarge the limit,MET,4:03.40-4:09.22,"""a fresh chat does not increase or reset the underlying context window limit of the model"""
context-window,course-assets/context-window/context-window.mp4,hard requirement,17,Do not call the context window a physical space,MET,1:17.42-1:19.84 / 1:25.78,"says it is ""not a physical storage space on a hard drive""; ""working memory tray"" at 1:25.78 names the board's drawn tray on screen, not a physical-space claim"
context-window,course-assets/context-window/context-window.mp4,hard requirement,18,Do not narrate the on-page lab,MET,whole file,no lab steps spoken
context-window,course-assets/context-window/context-window.mp4,hard requirement,19,"Banned words absent (deterministic, omniscient, proximity, token, retrieval, leverage, framework, optimize, architecture)",MET,whole file,none present; 'retrieve' at 3:10.98 is the page's own verb
context-window,course-assets/context-window/context-window.mp4,hard requirement,20,"Never ask the viewer to pause, guess, or answer; supply the lesson's answers immediately",MET,1:06.50 / 3:33.18,"question answered at 1:10.54 (""It's called the context window""); question answered at 3:39.12 (""The primary reason is space"")"
context-window,course-assets/context-window/context-window.mp4,hard requirement,21,"End with the two closing lines in order, natural statement cadence, no summary, sign-off, or spoken words afterward",MET,4:14.50-4:20.22,"line 1 then line 2; last word ""quality."" at 4:19.92; silence to 4:25.47"
context-window,course-assets/context-window/context-window.mp4,hard requirement,22,"VOICE: plain words, the Markdown's own sentences, brief connectives only, no formal or technical register",MET,whole file,"largely the Markdown's sentences; drift beats listed under EDITING NOTES (""totality"", ""combined elements"", ""operate in the background"", ""dedicated space"", ""underlying"")"
context-window,course-assets/context-window/context-window.mp4,error,1,"spoken: ""The primary reason is space.""",,3:39.12-3:40.24,"Lesson: ""One reason is space."" The narration makes a stronger claim than the page, which deliberately hedges. Not a contradiction of the mechanism; no in-file donor says 'one reason'."
context-window,course-assets/context-window/context-window.mp4,addition,1,"""and it is not a physical storage space on a hard drive""",,1:17.42-1:19.84,accurate; matches the prompt's ban on calling the window a physical space; harmless
context-window,course-assets/context-window/context-window.mp4,addition,2,"""Because we know exactly where the AI looks for information, you can intentionally load these areas to give the model a head start.""",,1:48.86-1:55.32,accurate bridge that earns the Head Start board title; worth keeping
context-window,course-assets/context-window/context-window.mp4,addition,3,"""It simply clears out the old data to make maximum room for the new.""",,4:09.44-4:13.52,"accurate clarification of the fresh-chat fix; candidate page edit alongside the Markdown's 'does not increase or reset' sentence, which the page also lacks"
context-window,course-assets/context-window/context-window.mp4,addition,4,"""... are invisible."" refrain on each of the four outside-the-window cards",,2:54.28 / 3:03.52 / 3:12.28 / 3:20.52,"accurate device that makes the four-card list scan; not in the lesson, not needed there"
context-window,course-assets/context-window/context-window.mp4,source_qa,1,Live page vs Markdown vs prompt,,,PASS: no material error or contradiction on the page; Markdown carries everything the page teaches; its extra fresh-chat-limit sentence is accurate video-prep nuance
context-window,course-assets/context-window/context-window.mp4,editing note,1,"Voice drift, not repairs",,,"1:15.50 ""strict capacity limit""; 1:35.16 ""operate in the background""; 1:42.26 ""All these combined elements represent the totality of the information available""; 1:48.86 ""intentionally load these areas""; 2:27.28 ""dedicated space to bundle""; 4:03.40 ""underlying context window limit of the model"". Meaning intact in every case."
context-window,course-assets/context-window/context-window.mp4,editing note,2,Screen references are true on screen,,,"1:20.96 ""This illustration shows"" and 1:25.78 ""working memory tray"" fall inside the five-sources board span 1:21.00-1:42.50 (board-spans.txt), so both refer to what the viewer sees. Keep."
context-window,course-assets/context-window/context-window.mp4,editing note,3,Minor narrowing,,,"3:10.98 ""share the link"" for the page's ""share it"" (pasting the page text is also sharing). Not wrong; no action."
context-window,course-assets/context-window/context-window.mp4,editing note,4,Materials check,,,"lessons/context-window.md carries everything the live page teaches: no materials bug. The reverse gap is the Markdown's 'A fresh chat does not increase or reset the model's context-window limit.', which the page's Forgetting paragraph lacks; the video now teaches it (4:03.40-4:13.52), so consider adding that sentence to the page."
context-window,course-assets/context-window/context-window.mp4,editing note,5,Verbatim-line lead-ins,,,"""By setting these up,"" (2:42.24) and ""Ultimately,"" (4:14.50) precede two required lines; accepted at the 9/21 ship; the prompt bans words after the close only."
context-window,course-assets/context-window/context-window.mp4,editing note,6,Out of scope here,,,"board holds, ring strokes, and the 0:57-1:20 live-v3 footage stretch are covered by the separate hold/stroke review; no 1b board plan or pause plan in this file per the task."
context-window,course-assets/context-window/context-window.mp4,editing note,7,Repair option: THIN point 8 (distrust reaction / 'one of AI's strengths'),,,"none available: the raw rolls of 2026-09-21 and the archived live v3 are deleted (only sheets and transcripts remain under video-audit/context-window-reroll-2026-09-21/), and the live file never speaks 'reason not to trust' or 'one of AI's strengths'. Not proposed as a required repair; see verdict."
context-window,course-assets/context-window/context-window.mp4,editing note,8,"Repair option: Lead-in ""Ultimately,"" before close line 1 (4:14.50-4:14.94)",,,"not cleanly cuttable: ""with"" starts at 4:14.94 with no gap, one breath group with the line. Prompt bans words after the close, not before. Leave."
context-window,course-assets/context-window/context-window.mp4,editing note,9,"Repair option: Lead-in ""By setting these up,"" before the Head Start banner (2:42.24-2:43.36)",,,"same: ""you"" starts at 2:43.36 with no gap. Leave."
context-window,course-assets/context-window/context-window.mp4,editing note,10,Listening limits,,,"Transcript-only review (whisper segments + word onsets); no audio was auditioned. Unheard and therefore unresolved: (1) the two 9/21 audio grafts, the why-beat seams at 0:56.46 and 1:06.50 (roll 1 voice into roll 2) and the 'vehicle' word at 2:26.34 (live v3 into roll 2), which the transcript reads cleanly; (2) 'but' at 0:28.42 in Luke's response: the 9/21 review of roll 2 reported this word dropped, this transcript hears it with a zero-gap onset after 'well,', so the two transcriptions disagree and the word is unverified; (3) the three-sentence cadence of 'Same question. Different context. Different answer.' (transcribed with commas); (4) pronunciation of 'chatGPT' and '2 plus 2'; (5) whether 'Ultimately,' is audibly separable from the close line."
evaluate-the-results,course-assets/evaluate-the-results/evaluate-the-results.mp4,teaching point,1,Hook: AI makes mistakes in the same confident voice whether right or wrong,RICH,0:00.00-0:07.86,"AI makes mistakes, and when it does, it uses the exact same confident voice it uses when the facts are perfectly accurate."
evaluate-the-results,course-assets/evaluate-the-results/evaluate-the-results.mp4,teaching point,2,Even a no-mistake answer can fall short: joke not funny / explanation confusing / plan won't work,RICH,0:08.52-0:20.48,"But even an answer with no factual errors can still fall short. It might generate a joke that isn't funny, an explanation that leaves you confused, or a business plan that simply won't work in the real world."
evaluate-the-results,course-assets/evaluate-the-results/evaluate-the-results.mp4,teaching point,3,Ignoring AI is not an option; too powerful to leave on the shelf; Be Smarter Than the Tool needs skills to evaluate,TAUGHT,0:30.62-0:41.60,"You can't just ignore AI. The technology is too powerful to leave on the shelf. To be smarter than the tool, you have to develop the systematic evaluation skills required to grade its homework. / spoken after the two questions (lesson has it before)"
evaluate-the-results,course-assets/evaluate-the-results/evaluate-the-results.mp4,teaching point,4,The two questions: Is it right? Is it good enough for what I need?,RICH,0:26.50-0:29.76,"Is it right, and is it good enough for what I need?"
evaluate-the-results,course-assets/evaluate-the-results/evaluate-the-results.mp4,teaching point,5,Quick pass intro: three steps before you use an AI answer,TAUGHT,0:42.44-0:48.66,This is the quick pass. It is the mandatory first step for every single AI response before you put it to work. / 'three steps' not said
evaluate-the-results,course-assets/evaluate-the-results/evaluate-the-results.mp4,teaching point,6,Read: read before you use it; if you pass it along you're responsible,TAUGHT,0:49.34-0:55.20,"It starts with reading. If you pass AI-generated information along, you are responsible for what it says."
evaluate-the-results,course-assets/evaluate-the-results/evaluate-the-results.mp4,teaching point,7,Understand: can't judge what you don't understand; ask AI 'Explain the second paragraph in simpler terms.',TAUGHT,0:55.20-1:05.38,"You also can't judge an answer you don't understand. If a section is confusing, ask the AI to explain that specific paragraph in simpler terms until you grasp it completely. / name not attached here (recap 1:26.88); quote paraphrased"
evaluate-the-results,course-assets/evaluate-the-results/evaluate-the-results.mp4,teaching point,8,"Validate: compare with what you know and what you asked for; anything wrong, missing, or not useful?",TAUGHT,1:06.26-1:20.08,"Next, you validate. Compare the answer against what you already know, and check it against your original prompt. You are looking to see if anything is factually wrong, if crucial context is missing, or if the format just isn't useful for your task."
evaluate-the-results,course-assets/evaluate-the-results/evaluate-the-results.mp4,teaching point,9,"Takeaway: Before you use it: read, understand, validate.",TAUGHT,1:20.08-1:28.06,"The absolute bare minimum action required before using any AI output is right here. Read, understand, and validate."
evaluate-the-results,course-assets/evaluate-the-results/evaluate-the-results.mp4,teaching point,10,Decide intro: some answers need a closer look; three questions help you decide,TAUGHT,1:28.76-1:34.26,"Once you complete the quick pass, you move to this phase, deciding if the answer requires a deeper investigation."
evaluate-the-results,course-assets/evaluate-the-results/evaluate-the-results.mp4,teaching point,11,"Can you judge it? compare with what you know; if you don't know enough, keep checking",TAUGHT,1:35.06-1:44.86,"Start by asking if you can actually judge the output. Compare the answer with your existing knowledge. If you lack the foundational expertise to verify it yourself, commit to checking it further."
evaluate-the-results,course-assets/evaluate-the-results/evaluate-the-results.mp4,teaching point,12,"What kind of task is it? factual/accurate, draft/clear writing, plan/works; check what matters",TAUGHT,1:45.52-1:56.74,"Next, look at the kind of task. A factual summary requires precise accuracy, an email needs clear writing, a plan needs viability, evaluate based on what matters most for the job."
evaluate-the-results,course-assets/evaluate-the-results/evaluate-the-results.mp4,teaching point,13,How much is riding on it? movie pick low stakes; scholarship application or injury advice deserves more care; what happens if wrong?,TAUGHT,1:57.40-2:08.74,"Finally, assess the real-world stakes. A movie recommendation has low risk, medical advice carries high stakes. What happens if this answer is wrong? Your scrutiny must proportionally match the task's risk. / name never spoken; scholarship-application example dropped"
evaluate-the-results,course-assets/evaluate-the-results/evaluate-the-results.mp4,teaching point,14,Takeaway: Give the answer the attention it deserves.,RICH,2:09.16-2:10.72,Give the answer the attention it deserves.
evaluate-the-results,course-assets/evaluate-the-results/evaluate-the-results.mp4,teaching point,15,"Dig intro: when it needs a closer look, choose the checks that fit the task",TAUGHT,2:11.38-2:18.26,"When an answer does require a closer look, you enter the dig phase. This is a specific toolkit of checks you can apply."
evaluate-the-results,course-assets/evaluate-the-results/evaluate-the-results.mp4,teaching point,16,"Check the sources: ask for sources, open them; does each support the claim? is it reliable?",TAUGHT,2:18.92-2:23.52,"First, ask the AI for its sources and actually open them to verify their reliability. / name not spoken; 'does each source support the claim' dropped (Board 5 example carries it)"
evaluate-the-results,course-assets/evaluate-the-results/evaluate-the-results.mp4,teaching point,17,Challenge the answer: ask 'What's the strongest argument against this?'; look for weaknesses you hadn't considered,RICH,2:24.26-2:31.00,"Second, challenge the AI directly. Ask, what's the strongest argument against this, to expose hidden weaknesses?"
evaluate-the-results,course-assets/evaluate-the-results/evaluate-the-results.mp4,teaching point,18,Ask what's missing: ask 'What important information did you leave out?'; decide whether it changes your view,TAUGHT,2:32.00-2:41.62,"You can also search for omitted context. Ask the AI, what important information did you leave out? Doing this uncovers details that might entirely alter your perspective. / name not spoken"
evaluate-the-results,course-assets/evaluate-the-results/evaluate-the-results.mp4,teaching point,19,Search the live web: ask AI to search the web for current information; open the sources and check what they say,TAUGHT,2:42.36-2:48.88,"If the tool has browsing capabilities, ask it to search the live web for current information, and verify the links match the claims. / 'capabilities' is banned"
evaluate-the-results,course-assets/evaluate-the-results/evaluate-the-results.mp4,teaching point,20,"Check it yourself: find another way; recalculate numbers, test code, ask someone who knows the subject",TAUGHT,2:49.74-2:56.64,"Sometimes you must step outside the system entirely. Recalculate numbers by hand, test code, or consult a human expert. / name not spoken"
evaluate-the-results,course-assets/evaluate-the-results/evaluate-the-results.mp4,teaching point,21,Takeaway: Use AI to help you check. You decide whether the answer holds up.,TAUGHT,2:57.28-3:00.46,"Use AI to help check, but you are the final arbiter of reality. / meaning kept, line not as written"
evaluate-the-results,course-assets/evaluate-the-results/evaluate-the-results.mp4,teaching point,22,Move intro: now decide what to do with the answer,TAUGHT,3:01.30-3:06.98,"After your evaluation is complete, you reach the final phase, making an actionable decision based on your results."
evaluate-the-results,course-assets/evaluate-the-results/evaluate-the-results.mp4,teaching point,23,Use it: right and good enough for what you need; put it to work,RICH,3:07.56-3:14.98,"If the answer is proven accurate and fully meets the requirements of your task, you choose the first option. Use it. Put it to work."
evaluate-the-results,course-assets/evaluate-the-results/evaluate-the-results.mp4,teaching point,24,Fix it: tell AI what to change or change it yourself; check the revised answer before you use it,RICH,3:15.64-3:23.66,"If it's close, fix it. Instruct the AI on what needs to change or edit the text yourself, and check the revision before applying it."
evaluate-the-results,course-assets/evaluate-the-results/evaluate-the-results.mp4,teaching point,25,"Walk away: if AI isn't helping you get there, try another approach or ask someone who knows the subject",TAUGHT,3:24.02-3:30.74,"Finally, if the AI is proving unhelpful, you choose to walk away. Abandon the tool and seek alternative methods or human expertise."
evaluate-the-results,course-assets/evaluate-the-results/evaluate-the-results.mp4,teaching point,26,Takeaway (Board 4): The tool answers. You evaluate.,TAUGHT,3:31.82-3:37.62,"The tool answers, but you evaluate. The human user retains all authority and responsibility for the final product."
evaluate-the-results,course-assets/evaluate-the-results/evaluate-the-results.mp4,teaching point,27,"Board 5 example: claim 'scholarship deadline is March 1' / official page Feb 15, school calendar Feb 15 / fix it, evidence says Feb 15",RICH,3:38.44-3:58.40,"Let's apply this to a high-stakes scenario. Imagine an AI claims a scholarship deadline is March 1st. You check the sources. The official webpage and the school calendar both clearly state the deadline is February 15th. Because the actual evidence contradicts the AI's claim, you choose to fix it, operating entirely on the February 15th deadline."
evaluate-the-results,course-assets/evaluate-the-results/evaluate-the-results.mp4,teaching point,28,Takeaway (Board 5): The answer is not the evidence.,TAUGHT,3:59.00-4:04.94,The answer generated by an AI is not the evidence. It is merely a claim that requires proof.
evaluate-the-results,course-assets/evaluate-the-results/evaluate-the-results.mp4,teaching point,29,Closing line 1: The tool answers. You evaluate.,RICH,4:06.70-4:09.76,"As a final reminder, the tool answers you evaluate."
evaluate-the-results,course-assets/evaluate-the-results/evaluate-the-results.mp4,teaching point,30,Closing line 2: Read. Understand. Validate.,RICH,4:10.66-4:12.48,"Read, understand, validate. / nothing spoken after"
evaluate-the-results,course-assets/evaluate-the-results/evaluate-the-results.mp4,hard requirement,1,Open with 'AI makes mistakes' in the same confident voice; no title/welcome/preview,MET,0:00.00,"AI makes mistakes, and when it does, it uses the exact same confident voice..."
evaluate-the-results,course-assets/evaluate-the-results/evaluate-the-results.mp4,hard requirement,2,Say the two questions: is it right / is it good enough for what I need,MET,0:26.50-0:29.76,"Is it right, and is it good enough for what I need?"
evaluate-the-results,course-assets/evaluate-the-results/evaluate-the-results.mp4,hard requirement,3,"Teach the quick pass, Read, Understand, Validate, with each explanation",MET,0:49.34-1:28.06,"explanations 0:49-1:20; names together at 1:26.32 'Read, understand, and validate.'"
evaluate-the-results,course-assets/evaluate-the-results/evaluate-the-results.mp4,hard requirement,4,Teach the three deciding questions by name: can you judge it / what kind of task is it / how much is riding on it,MISSED,1:35.06 / 1:45.52 / 1:57.40,"'Start by asking if you can actually judge the output' (near) / 'Next, look at the kind of task' (near) / 'how much is riding on it' never spoken; replaced by 'Finally, assess the real-world stakes.'"
evaluate-the-results,course-assets/evaluate-the-results/evaluate-the-results.mp4,hard requirement,5,Teach all five digs by name: check the sources / challenge the answer / ask what's missing / search the live web / check it yourself,MISSED,2:18.92 / 2:24.26 / 2:32.00 / 2:42.36 / 2:49.74,'ask the AI for its sources' (no name) / 'challenge the AI directly' (near) / 'search for omitted context' (no name) / 'search the live web' (met) / 'step outside the system entirely' (no name)
evaluate-the-results,course-assets/evaluate-the-results/evaluate-the-results.mp4,hard requirement,6,Quoted dig prompts word for word,MET,2:27.14 / 2:34.52,'what's the strongest argument against this' / 'what important information did you leave out'
evaluate-the-results,course-assets/evaluate-the-results/evaluate-the-results.mp4,hard requirement,7,"Teach the three moves: use it, fix it, walk away",MET,3:13.76 / 3:16.60 / 3:27.02,'Use it.' / 'fix it.' / 'walk away.'
evaluate-the-results,course-assets/evaluate-the-results/evaluate-the-results.mp4,hard requirement,8,"Walk the scholarship example: March 1 against February 15, fix it, the answer is not the evidence",MET,3:41.18-4:02.02,'a scholarship deadline is March 1st' ... 'February 15th' ... 'you choose to fix it' ... 'The answer generated by an AI is not the evidence.'
evaluate-the-results,course-assets/evaluate-the-results/evaluate-the-results.mp4,hard requirement,9,Board 5 narration in one uninterrupted span,MET,3:38.44-4:04.94,largest internal gap 0.84 s
evaluate-the-results,course-assets/evaluate-the-results/evaluate-the-results.mp4,hard requirement,10,Speak every takeaway line as written,MISSED,2:57.28,"Dig takeaway replaced by 'Use AI to help check, but you are the final arbiter of reality.' / others spoken with small insertions ('and' 1:27.76, 'but' 3:32.58, 'generated by an AI' 3:39.58); 'Give the answer the attention it deserves.' verbatim 2:09.16"
evaluate-the-results,course-assets/evaluate-the-results/evaluate-the-results.mp4,hard requirement,11,"Banned words (leverage, methodology, framework, capabilities, operational, workflow, optimize, strategic)",MISSED,2:43.36,"'browsing capabilities,' / near-roots 'methods' 3:29.30 and 'operating' 3:55.90 are different words"
evaluate-the-results,course-assets/evaluate-the-results/evaluate-the-results.mp4,hard requirement,12,Never ask the viewer to pause/guess/answer; answer posed questions in the next breath,MET,2:04.04-2:08.74,'What happens if this answer is wrong?' then 'Your scrutiny must proportionally match the task's risk.'
evaluate-the-results,course-assets/evaluate-the-results/evaluate-the-results.mp4,hard requirement,13,Do not narrate the TRY IT,MET,,no TRY IT content spoken
evaluate-the-results,course-assets/evaluate-the-results/evaluate-the-results.mp4,hard requirement,14,Follow the Markdown order,MET,0:21.06 / 0:30.62,one adjacent swap: two questions before 'can't ignore AI'; boards in order
evaluate-the-results,course-assets/evaluate-the-results/evaluate-the-results.mp4,hard requirement,15,"Closing line 1 'The tool answers. You evaluate.' exactly, in order",MET,4:08.16-4:09.76,"'the tool answers you evaluate.' preceded by 'As a final reminder,' at 4:06.70"
evaluate-the-results,course-assets/evaluate-the-results/evaluate-the-results.mp4,hard requirement,16,"Closing line 2 'Read. Understand. Validate.' exactly, last",MET,4:10.66-4:12.48,"'Read, understand, validate.' / no narration afterward"
evaluate-the-results,course-assets/evaluate-the-results/evaluate-the-results.mp4,hard requirement,17,"Voice: plain words, the Markdown's own sentences, no formal/technical translation",MISSED,0:38.32 / 1:40.48 / 1:53.40 / 2:06.02 / 2:59.36 / 3:05.22 / 3:28.04 / 3:33.96,'systematic evaluation skills required to grade its homework' / 'foundational expertise' / 'needs viability' / 'Your scrutiny must proportionally match the task's risk' / 'final arbiter of reality' / 'actionable decision' / 'seek alternative methods or human expertise' / 'The human user retains all authority and responsibility for the final product.'
evaluate-the-results,course-assets/evaluate-the-results/evaluate-the-results.mp4,addition,1,It is merely a claim that requires proof.,,4:02.02-4:04.94,accurate gloss on 'the answer is not the evidence'; candidate lesson line
evaluate-the-results,course-assets/evaluate-the-results/evaluate-the-results.mp4,addition,2,If the tool has browsing capabilities,,2:42.36-2:43.82,accurate qualifier but carries the banned word
evaluate-the-results,course-assets/evaluate-the-results/evaluate-the-results.mp4,addition,3,The human user retains all authority and responsibility for the final product.,,3:33.96-3:37.62,"accurate, formal, redundant under the Move board"
evaluate-the-results,course-assets/evaluate-the-results/evaluate-the-results.mp4,addition,4,grade its homework,,0:40.94-0:41.60,"outside metaphor, harmless"
evaluate-the-results,course-assets/evaluate-the-results/evaluate-the-results.mp4,addition,5,Your scrutiny must proportionally match the task's risk.,,2:06.02-2:08.74,"accurate restatement, vocabulary too formal for the audience"
evaluate-the-results,course-assets/evaluate-the-results/evaluate-the-results.mp4,addition,6,Let's apply this to a high-stakes scenario.,,3:38.44-3:40.34,useful bridge into Board 5; partly compensates for the dropped scholarship-application stakes example
evaluate-the-results,course-assets/evaluate-the-results/evaluate-the-results.mp4,source_qa,1,"PASS: lessons/evaluate-the-results.md matches the live page (intro paragraphs, QUICK_PASS/DIG_DECISION/DIG_TACTICS/NEXT_MOVES card text, four board takeaways, Board 5 alt-text content, CLOSE_BOARDS pill/sticky); no material lesson error",,,
evaluate-the-results,course-assets/evaluate-the-results/evaluate-the-results.mp4,editing note,1,"Repair: only the banned-word miss is cuttable inside this file; remove 'If the tool has browsing capabilities,' from 2:42.36 to 2:44.40 (before 'ask' at 2:44.48); remainder stands alone; under the Dig board so only the audio seam is at risk",,2:42.36-2:44.40,
evaluate-the-results,course-assets/evaluate-the-results/evaluate-the-results.mp4,editing note,2,"No donor: 'how much is riding on it', 'check the sources', 'ask what's missing', 'check it yourself', 'challenge the answer', 'you decide', 'holds up' do not occur anywhere in this file; no raw rolls survive",,,
evaluate-the-results,course-assets/evaluate-the-results/evaluate-the-results.mp4,editing note,3,Materials: Markdown carries everything the page teaches; no materials bug,,,
evaluate-the-results,course-assets/evaluate-the-results/evaluate-the-results.mp4,editing note,4,Next prompt: add the seven card names and all five takeaway lines to a verbatim list; extend 'word for word' to the quick-pass prompt 'Explain the second paragraph in simpler terms.'; keep the scholarship-application example in the stakes beat so Board 5 has its setup,,,
evaluate-the-results,course-assets/evaluate-the-results/evaluate-the-results.mp4,editing note,5,Excess if kept: 3:33.96-3:37.62 'The human user retains all authority...' and 2:06.02-2:08.74 'Your scrutiny must proportionally match...' are redundant restatements,,3:33.96-3:37.62 / 2:06.02-2:08.74,
evaluate-the-results,course-assets/evaluate-the-results/evaluate-the-results.mp4,editing note,6,"Order: two-questions beat precedes the 'too powerful to leave on the shelf' beat; harmless, no move proposed",,0:21.06-0:41.60,
evaluate-the-results,course-assets/evaluate-the-results/evaluate-the-results.mp4,editing note,7,"If David waives the by-name and as-written requirements, the file is REPAIR-grade with the single cut above",,,
critical-thinking,course-assets/critical-thinking/critical-thinking.mp4,teaching point,1,"Hook: what you know matters, so does what you do with it",TAUGHT,0:05.22-0:11.22,"""Having knowledge is essential, but what you choose to do with that knowledge is what actually dictates your results."""
critical-thinking,course-assets/critical-thinking/critical-thinking.mp4,teaching point,2,Board 1 equation: knowledge plus critical thinking leads to better questions and better decisions,RICH,0:00.00-0:04.38 + 0:32.86-0:37.58,"""This graphic lays out a basic equation for how we process information."" / ""When you combine these two halves, the result is better questions and better decisions."""
critical-thinking,course-assets/critical-thinking/critical-thinking.mp4,teaching point,3,"Knowledge: understand the subject, recognize when something doesn't add up",RICH,0:12.16-0:21.14,"""Knowledge forms your baseline. It helps you understand a subject and recognize when something in a text or a prompt doesn't add up."""
critical-thinking,course-assets/critical-thinking/critical-thinking.mp4,teaching point,4,"Critical thinking: question the claim, examine the evidence, consider other explanations before deciding what to believe or do",TAUGHT,0:23.50-0:31.98,"""Critical thinking means you question a claim, examine the evidence, and consider alternative explanations before you decide what to do next."" (drops ""believe"")"
critical-thinking,course-assets/critical-thinking/critical-thinking.mp4,teaching point,5,Be Smarter Than the Tool,RICH,0:38.38-0:39.50,"""Be smarter than the tool."""
critical-thinking,course-assets/critical-thinking/critical-thinking.mp4,teaching point,6,It isn't don't trust anything; it's asking what would have to be true for a claim to hold up,RICH,0:40.34-0:46.52,"""It isn't don't trust anything either. It's the habit of asking what would have to be true for a claim to hold up."""
critical-thinking,course-assets/critical-thinking/critical-thinking.mp4,teaching point,7,"2015 chocolate story: headlines worldwide, study said eating chocolate helps you lose weight, Slim by Chocolate!",TAUGHT,0:46.72-0:59.40,"""In 2015, news outlets around the world publish stories about a scientific study claiming a delicious new method for losing weight. One front page ran the headline slim by chocolate."" (chocolate enters only via the headline)"
critical-thinking,course-assets/critical-thinking/critical-thinking.mp4,teaching point,8,"Bridge: did the headline make you pause, that's critical thinking starting; next step is asking whether the evidence supports it; reactions went two directions",THIN,1:00.68 / 1:05.72,"Non-essential bridge. Contrast carried by ""The face value reaction was immediate"" / ""But a critical thinking reaction takes a different path""; the pause-is-the-start beat and ""does the evidence support it"" are not spoken here (evidence question arrives with Habit 1 at 2:15.16)"
critical-thinking,course-assets/critical-thinking/critical-thinking.mp4,teaching point,9,Board 2 the claim: Chocolate helps you lose weight,TAUGHT,0:53.40-0:59.40,"""claiming a delicious new method for losing weight ... slim by chocolate"" (never spoken as a plain sentence)"
critical-thinking,course-assets/critical-thinking/critical-thinking.mp4,teaching point,10,Face value first reaction: Sounds great. I believe it.,RICH,1:00.68-1:04.80,"""The face value reaction was immediate. Sounds great. I believe it."""
critical-thinking,course-assets/critical-thinking/critical-thinking.mp4,teaching point,11,Critical thinking second reaction: Wait. What's behind the claim?,RICH,1:05.72-1:10.56,"""But a critical thinking reaction takes a different path. Wait. What's behind the claim?"""
critical-thinking,course-assets/critical-thinking/critical-thinking.mp4,teaching point,12,Pause when a claim sounds exactly like what you want to believe,TAUGHT,1:10.78-1:16.30,"""You must force yourself to pause, especially when a claim matches what you want to believe."""
critical-thinking,course-assets/critical-thinking/critical-thinking.mp4,teaching point,13,The study was real but flimsy on purpose,RICH,1:17.12-1:23.00,"""The study itself actually existed. However, it was deliberately designed to be scientifically flimsy."""
critical-thinking,course-assets/critical-thinking/critical-thinking.mp4,teaching point,14,"Only 15 participants, 18 different measurements",RICH,1:27.34-1:35.34,"""The researchers used a tiny sample size of only 15 participants, but they tracked 18 entirely different measurements for each person."""
critical-thinking,course-assets/critical-thinking/critical-thinking.mp4,teaching point,15,"With that many measurements in such a small group, a chance result could look like an important discovery",RICH,1:35.34-1:40.48,"""With that many measurements in such a small group, a chance result could look like an important discovery."""
critical-thinking,course-assets/critical-thinking/critical-thinking.mp4,teaching point,16,The research institute was just a website,RICH,1:41.98-1:46.74,"""The supposed research institute backing the study was nothing more than a fabricated website."""
critical-thinking,course-assets/critical-thinking/critical-thinking.mp4,teaching point,17,Author was a journalist proving a bad study with a great headline flies around the world before anyone checks; it did,RICH,1:47.64-1:57.72,"""The true author was a journalist. He orchestrated the entire stunt to prove that bad science wrapped in a highly appealing headline will spread globally before anyone verifies the facts."" (""It did."" not spoken as its own beat; the worldwide spread was established at 0:46.72)"
critical-thinking,course-assets/critical-thinking/critical-thinking.mp4,teaching point,18,"Read between the lines, especially when the claim is something you'd love to believe",TAUGHT,1:58.49-2:06.38,"""Critical thinking requires the ability to read between those lines, particularly when our desires make us vulnerable to confirmation bias."""
critical-thinking,course-assets/critical-thinking/critical-thinking.mp4,teaching point,19,Five habits to sharpen critical thinking; each one is a question you ask,RICH,2:07.76-2:14.18,"""This board outlines five habits you can build to sharpen your thinking. Every single one functions as a direct question."""
critical-thinking,course-assets/critical-thinking/critical-thinking.mp4,teaching point,20,Habit 1 Is it actually right? What evidence supports the claim? Does it support the conclusion?,RICH,2:15.16-2:22.46,"""Habit one. Is it actually right? You check what evidence supports the claim and verify if that evidence genuinely aligns with the conclusion."""
critical-thinking,course-assets/critical-thinking/critical-thinking.mp4,teaching point,21,Habit 2 Do I know enough to judge? Recognize where your knowledge ends; find out what you need to understand,RICH,2:23.02-2:31.00,"""Habit two. Do I know enough to judge? You have to recognize the limits of your own knowledge and identify exactly what you still need to learn."""
critical-thinking,course-assets/critical-thinking/critical-thinking.mp4,teaching point,22,Habit 3 What's missing? Look for missing information and other explanations,THIN,2:31.58-2:37.26,"""Habit three. What's missing? You actively hunt for omitted information or alternative ex..."" The word ""explanations"" is cut mid-word at 2:37.12 (speech energy stops abruptly, 0.42 s near-digital silence, then ""Fourth."" at 2:37.68). The other-explanations half never reaches the viewer."
critical-thinking,course-assets/critical-thinking/critical-thinking.mp4,teaching point,23,"Habit 4 Why am I convinced? Evidence, confident wording, or what you want to believe?",RICH,2:37.26-2:45.62,"""Fourth. Why am I convinced? Question your own motives to see if you are swayed by hard evidence, confident wording, or wishful thinking."""
critical-thinking,course-assets/critical-thinking/critical-thinking.mp4,teaching point,24,Habit 5 What's my call? Decide what to believe or do; you can change your mind when you learn more,RICH,2:46.42-2:53.82,"""And fifth. What's my call? Finally, you decide what to believe or do, keeping the flexibility to change your mind when you learn more."""
critical-thinking,course-assets/critical-thinking/critical-thinking.mp4,teaching point,25,The five questions work on anything you read or hear; use them with AI too,TAUGHT,2:54.62-3:01.08,"""These five questions work on any information you consume. They are especially critical when you use artificial intelligence."""
critical-thinking,course-assets/critical-thinking/critical-thinking.mp4,teaching point,26,"AI can help you find a flaw in your thinking, or confidently repeat it. You need to judge which is happening.",RICH,3:02.26-3:08.16,"""AI can help you find a flaw in your thinking, or confidently repeat it. You need to judge which is happening."""
critical-thinking,course-assets/critical-thinking/critical-thinking.mp4,teaching point,27,Close pill: AI amplifies whatever you bring to it.,RICH,3:09.28-3:11.06,"""AI amplifies whatever you bring to it."""
critical-thinking,course-assets/critical-thinking/critical-thinking.mp4,teaching point,28,"Close sticky: Good thinking in, sharper output.",RICH,3:11.82-3:13.02,"""Good thinking in, sharper output."""
critical-thinking,course-assets/critical-thinking/critical-thinking.mp4,hard requirement,1,"Verbatim ""Be Smarter Than the Tool.""",MET,0:38.38,"""Be smarter than the tool."""
critical-thinking,course-assets/critical-thinking/critical-thinking.mp4,hard requirement,2,"Verbatim ""It isn't 'don't trust anything,' either. It's the habit of asking what would have to be true for a claim to hold up.""",MET,0:40.34-0:46.52,"""It isn't don't trust anything either. It's the habit of asking what would have to be true for a claim to hold up."""
critical-thinking,course-assets/critical-thinking/critical-thinking.mp4,hard requirement,3,"Verbatim ""Slim by Chocolate!""",MET,0:58.40-0:59.40,"""slim by chocolate."" (exclamation cadence not verifiable by transcript)"
critical-thinking,course-assets/critical-thinking/critical-thinking.mp4,hard requirement,4,"Verbatim ""Sounds great. I believe it.""",MET,1:03.22-1:04.80,"""Sounds great. I believe it."""
critical-thinking,course-assets/critical-thinking/critical-thinking.mp4,hard requirement,5,"Verbatim ""Wait. What's behind the claim?""",MET,1:08.94-1:10.56,"""Wait. What's behind the claim?"""
critical-thinking,course-assets/critical-thinking/critical-thinking.mp4,hard requirement,6,"Verbatim ""With that many measurements in such a small group, a chance result could look like an important discovery.""",MET,1:35.34-1:40.48,spoken word for word
critical-thinking,course-assets/critical-thinking/critical-thinking.mp4,hard requirement,7,"Verbatim ""AI can help you find a flaw in your thinking, or confidently repeat it. You need to judge which is happening.""",MET,3:02.26-3:08.16,spoken word for word
critical-thinking,course-assets/critical-thinking/critical-thinking.mp4,hard requirement,8,"Closing line 1 ""AI amplifies whatever you bring to it.""",MET,3:09.28-3:11.06,spoken word for word
critical-thinking,course-assets/critical-thinking/critical-thinking.mp4,hard requirement,9,"Closing line 2 ""Good thinking in, sharper output."" last, nothing spoken after",MET,3:11.82-3:13.02,spoken word for word; no speech from 3:13.02 to end of file 3:17.83
critical-thinking,course-assets/critical-thinking/critical-thinking.mp4,hard requirement,10,Never say probability guarantees/dictates/ensures/makes a false result inevitable,MET,1:35.34,"only ""a chance result could look like an important discovery"" is spoken; ""dictates"" at 0:10.14 is about your results, not probability"
critical-thinking,course-assets/critical-thinking/critical-thinking.mp4,hard requirement,11,"Teach all five habits by name, in order, each with its complete Markdown explanation; none reduced to a label",MISSED,2:31.58-2:37.26,"Habits 1, 2, 4, 5 complete and in order; Habit 3 ""You actively hunt for omitted information or alternative ex..."" is cut mid-word, so ""other explanations"" is not delivered"
critical-thinking,course-assets/critical-thinking/critical-thinking.mp4,hard requirement,12,"Open directly with knowledge plus critical thinking; no title card, welcome, or preview",MET,0:00.00-0:04.38,"""This graphic lays out a basic equation for how we process information."" (no welcome; the sum is stated at 0:32.86)"
critical-thinking,course-assets/critical-thinking/critical-thinking.mp4,hard requirement,13,Board 2 content taught in one uninterrupted span,MET,1:00.68-1:16.30,"claim via headline, both reactions, and the pause rule run without interruption; the real board is on screen 0:57.0-1:17.5"
critical-thinking,course-assets/critical-thinking/critical-thinking.mp4,hard requirement,14,"Avoid methodology, framework, capabilities, optimize, systematic, operational, strategic",MET,whole file,none of the seven words is spoken
critical-thinking,course-assets/critical-thinking/critical-thinking.mp4,hard requirement,15,"Never ask the viewer to pause, guess, or answer; answer each lesson question immediately",MET,2:15.16-2:53.82,"each habit question is answered at once; ""force yourself to pause"" at 1:10.78 is the lesson's claim rule, not a video-pause instruction"
critical-thinking,course-assets/critical-thinking/critical-thinking.mp4,hard requirement,16,"Do not invent facts, examples, or statistics",MET,whole file,"numbers 2015 / 15 / 18 correct; additions are wording only (""confirmation bias"", ""fabricated website"", ""He"")"
critical-thinking,course-assets/critical-thinking/critical-thinking.mp4,hard requirement,17,"Tell the chocolate story: 15 participants, 18 measurements, institute a website, journalist proving the point",MET,1:17.12-1:57.72,all four story facts spoken with correct numbers
critical-thinking,course-assets/critical-thinking/critical-thinking.mp4,addition,1,"""confirmation bias"" named at 1:58.49-2:06.38 as the reason wishful claims slip past us; accurate, not in the lesson; a possible one-word lesson addition",,1:58.49-2:06.38,"""particularly when our desires make us vulnerable to confirmation bias."""
critical-thinking,course-assets/critical-thinking/critical-thinking.mp4,addition,2,"Knowledge beat adds ""in a text or a prompt"" as where something doesn't add up; accurate, harmless",,0:15.66-0:21.14,"""recognize when something in a text or a prompt doesn't add up."""
critical-thinking,course-assets/critical-thinking/critical-thinking.mp4,addition,3,"Story beat adds ""fabricated website"" and identifies the journalist as ""He""; both accurate (the 2015 stunt author was John Bohannon), not in the lesson",,1:41.98-1:57.72,"""nothing more than a fabricated website."" / ""He orchestrated the entire stunt"""
critical-thinking,course-assets/critical-thinking/critical-thinking.mp4,source_qa,1,"PASS: live page, Markdown, and boards agree; Markdown carries every page teaching point (page bullets = Markdown paragraph); no lesson error found",,,n/a
critical-thinking,course-assets/critical-thinking/critical-thinking.mp4,editing note,1,"Audio defect: ""explanations"" truncated at 2:37.12; RMS envelope shows speech stopping abruptly (4600 -> 56 in 40 ms) then 0.42 s near-digital silence before ""Fourth."" at 2:37.68. Repair donor in this file: ""alternative explanations"" 0:28.66-0:29.96 (1.30 s), same voice, under the five-habits course board (on screen 2:08.0-3:01.5), so the board leg can stretch ~0.4 s to keep a natural pause",,2:36.30-2:37.68,"""or alternative ex..."" -> ""or alternative explanations"""
critical-thinking,course-assets/critical-thinking/critical-thinking.mp4,editing note,2,"Donor caveat: 0:28.66-0:29.96 is mid-sentence (""...alternative explanations before you decide...""), so its pitch is non-final; cut at the ""explanations""/""before"" boundary 0:29.96 (no silence there, ~0.9 s continuous speech). Needs an ear test after the splice; no sentence-final ""explanations"" exists in the file",,0:28.66-0:29.96,"""consider alternative explanations before"""
critical-thinking,course-assets/critical-thinking/critical-thinking.mp4,editing note,3,"Deictic references: ""This diagram illustrates the primary flaw in the data"" at 1:23.80 sits over Notebook's own drawing (no course board 1:17.5-2:08.0); keep that drawing or the phrase dangles. ""This graphic"" 0:00 and ""This board"" 2:07.76 land on the equation and five-habits boards",,1:23.80-1:26.72,"""This diagram illustrates the primary flaw in the data."""
critical-thinking,course-assets/critical-thinking/critical-thinking.mp4,editing note,4,"Habit labels inconsistent: ""Habit one/two/three"" then ""Fourth."" and ""And fifth."" Harmless; not a repair",,2:37.26 / 2:46.42,"""Fourth."" / ""And fifth."""
critical-thinking,course-assets/critical-thinking/critical-thinking.mp4,editing note,5,"""publish"" at 0:50.96 may be ""published""; transcript-only, unresolved by ear; no teaching effect",,0:50.96,"""news outlets around the world publish stories"""
critical-thinking,course-assets/critical-thinking/critical-thinking.mp4,editing note,6,"Tail: last word 3:13.02, close board 3:09.5-3:17.83; ~4.8 s silent tail is normal",,3:13.02-3:17.83,silence
critical-thinking,course-assets/critical-thinking/critical-thinking.mp4,editing note,7,Materials: Markdown matches the page; no materials bug to fix before a reroll,,,n/a
